"","sample","unique_ID","Order_ncbi","reads","Method","Island","Year","ID","Date.Collected","Size","Extract..Date","Sterilized","Source"
"1","HEV100","Anisolabis maritima","Dermaptera",1,"Hand","East 11",2015,"Heteropoda venatoria","",16.7,"10/28/19","NS","FIELD"
"2","HEV100","Blattodea","Blattodea",0,"Hand","East 11",2015,"Heteropoda venatoria","",16.7,"10/28/19","NS","FIELD"
"3","HEV100","Buthus mariefranceae","Scorpiones",0,"Hand","East 11",2015,"Heteropoda venatoria","",16.7,"10/28/19","NS","FIELD"
"4","HEV100","Ectobiidae","Blattodea",0,"Hand","East 11",2015,"Heteropoda venatoria","",16.7,"10/28/19","NS","FIELD"
"5","HEV100","Hasarius adansoni","Araneae",0,"Hand","East 11",2015,"Heteropoda venatoria","",16.7,"10/28/19","NS","FIELD"
"6","HEV100","Isometrus maculatus","Scorpiones",0,"Hand","East 11",2015,"Heteropoda venatoria","",16.7,"10/28/19","NS","FIELD"
"7","HEV100","Limonia perkinsi","Diptera",0,"Hand","East 11",2015,"Heteropoda venatoria","",16.7,"10/28/19","NS","FIELD"
"8","HEV100","Nematocera","Diptera",0,"Hand","East 11",2015,"Heteropoda venatoria","",16.7,"10/28/19","NS","FIELD"
"9","HEV100","Neoptera","",1,"Hand","East 11",2015,"Heteropoda venatoria","",16.7,"10/28/19","NS","FIELD"
"10","HEV100","Ornebius novarae","Orthoptera",0,"Hand","East 11",2015,"Heteropoda venatoria","",16.7,"10/28/19","NS","FIELD"
"11","HEV100","Orthocladiinae","Diptera",0,"Hand","East 11",2015,"Heteropoda venatoria","",16.7,"10/28/19","NS","FIELD"
"12","HEV100","Oxya","Orthoptera",0,"Hand","East 11",2015,"Heteropoda venatoria","",16.7,"10/28/19","NS","FIELD"
"13","HEV100","Pantala flavescens","Odonata",0,"Hand","East 11",2015,"Heteropoda venatoria","",16.7,"10/28/19","NS","FIELD"
"14","HEV100","Periplaneta australasiae","Blattodea",0,"Hand","East 11",2015,"Heteropoda venatoria","",16.7,"10/28/19","NS","FIELD"
"15","HEV100","Phisis holdhausi","Orthoptera",0,"Hand","East 11",2015,"Heteropoda venatoria","",16.7,"10/28/19","NS","FIELD"
"16","HEV100","Pholcus guadarfia","Araneae",0,"Hand","East 11",2015,"Heteropoda venatoria","",16.7,"10/28/19","NS","FIELD"
"17","HEV100","Pycnoscelus","Blattodea",0,"Hand","East 11",2015,"Heteropoda venatoria","",16.7,"10/28/19","NS","FIELD"
"18","HEV100","Pycnoscelus surinamensis","Blattodea",0,"Hand","East 11",2015,"Heteropoda venatoria","",16.7,"10/28/19","NS","FIELD"
"19","HEV100","Scholastes lonchifer","Diptera",46,"Hand","East 11",2015,"Heteropoda venatoria","",16.7,"10/28/19","NS","FIELD"
"20","HEV100","Tygarrup javanicus","Geophilomorpha",0,"Hand","East 11",2015,"Heteropoda venatoria","",16.7,"10/28/19","NS","FIELD"
"21","HEV100","Xiphydria","Hymenoptera",0,"Hand","East 11",2015,"Heteropoda venatoria","",16.7,"10/28/19","NS","FIELD"
"22","HEV101","Anisolabis maritima","Dermaptera",1,"Hand","Holei 1",2015,"Heteropoda venatoria","",16.7,"10/28/19","SS","FIELD"
"23","HEV101","Blattodea","Blattodea",0,"Hand","Holei 1",2015,"Heteropoda venatoria","",16.7,"10/28/19","SS","FIELD"
"24","HEV101","Buthus mariefranceae","Scorpiones",0,"Hand","Holei 1",2015,"Heteropoda venatoria","",16.7,"10/28/19","SS","FIELD"
"25","HEV101","Ectobiidae","Blattodea",0,"Hand","Holei 1",2015,"Heteropoda venatoria","",16.7,"10/28/19","SS","FIELD"
"26","HEV101","Hasarius adansoni","Araneae",0,"Hand","Holei 1",2015,"Heteropoda venatoria","",16.7,"10/28/19","SS","FIELD"
"27","HEV101","Isometrus maculatus","Scorpiones",0,"Hand","Holei 1",2015,"Heteropoda venatoria","",16.7,"10/28/19","SS","FIELD"
"28","HEV101","Limonia perkinsi","Diptera",0,"Hand","Holei 1",2015,"Heteropoda venatoria","",16.7,"10/28/19","SS","FIELD"
"29","HEV101","Nematocera","Diptera",0,"Hand","Holei 1",2015,"Heteropoda venatoria","",16.7,"10/28/19","SS","FIELD"
"30","HEV101","Neoptera","",14,"Hand","Holei 1",2015,"Heteropoda venatoria","",16.7,"10/28/19","SS","FIELD"
"31","HEV101","Ornebius novarae","Orthoptera",0,"Hand","Holei 1",2015,"Heteropoda venatoria","",16.7,"10/28/19","SS","FIELD"
"32","HEV101","Orthocladiinae","Diptera",0,"Hand","Holei 1",2015,"Heteropoda venatoria","",16.7,"10/28/19","SS","FIELD"
"33","HEV101","Oxya","Orthoptera",0,"Hand","Holei 1",2015,"Heteropoda venatoria","",16.7,"10/28/19","SS","FIELD"
"34","HEV101","Pantala flavescens","Odonata",0,"Hand","Holei 1",2015,"Heteropoda venatoria","",16.7,"10/28/19","SS","FIELD"
"35","HEV101","Periplaneta australasiae","Blattodea",0,"Hand","Holei 1",2015,"Heteropoda venatoria","",16.7,"10/28/19","SS","FIELD"
"36","HEV101","Phisis holdhausi","Orthoptera",0,"Hand","Holei 1",2015,"Heteropoda venatoria","",16.7,"10/28/19","SS","FIELD"
"37","HEV101","Pholcus guadarfia","Araneae",0,"Hand","Holei 1",2015,"Heteropoda venatoria","",16.7,"10/28/19","SS","FIELD"
"38","HEV101","Pycnoscelus","Blattodea",0,"Hand","Holei 1",2015,"Heteropoda venatoria","",16.7,"10/28/19","SS","FIELD"
"39","HEV101","Pycnoscelus surinamensis","Blattodea",0,"Hand","Holei 1",2015,"Heteropoda venatoria","",16.7,"10/28/19","SS","FIELD"
"40","HEV101","Scholastes lonchifer","Diptera",0,"Hand","Holei 1",2015,"Heteropoda venatoria","",16.7,"10/28/19","SS","FIELD"
"41","HEV101","Tygarrup javanicus","Geophilomorpha",0,"Hand","Holei 1",2015,"Heteropoda venatoria","",16.7,"10/28/19","SS","FIELD"
"42","HEV101","Xiphydria","Hymenoptera",0,"Hand","Holei 1",2015,"Heteropoda venatoria","",16.7,"10/28/19","SS","FIELD"
"43","HEV102","Anisolabis maritima","Dermaptera",0,"Hand","Holei 2",2015,"Heteropoda venatoria","",12.2,"10/28/19","SS","FIELD"
"44","HEV102","Blattodea","Blattodea",0,"Hand","Holei 2",2015,"Heteropoda venatoria","",12.2,"10/28/19","SS","FIELD"
"45","HEV102","Buthus mariefranceae","Scorpiones",0,"Hand","Holei 2",2015,"Heteropoda venatoria","",12.2,"10/28/19","SS","FIELD"
"46","HEV102","Ectobiidae","Blattodea",1,"Hand","Holei 2",2015,"Heteropoda venatoria","",12.2,"10/28/19","SS","FIELD"
"47","HEV102","Hasarius adansoni","Araneae",0,"Hand","Holei 2",2015,"Heteropoda venatoria","",12.2,"10/28/19","SS","FIELD"
"48","HEV102","Isometrus maculatus","Scorpiones",0,"Hand","Holei 2",2015,"Heteropoda venatoria","",12.2,"10/28/19","SS","FIELD"
"49","HEV102","Limonia perkinsi","Diptera",0,"Hand","Holei 2",2015,"Heteropoda venatoria","",12.2,"10/28/19","SS","FIELD"
"50","HEV102","Nematocera","Diptera",0,"Hand","Holei 2",2015,"Heteropoda venatoria","",12.2,"10/28/19","SS","FIELD"
"51","HEV102","Neoptera","",1,"Hand","Holei 2",2015,"Heteropoda venatoria","",12.2,"10/28/19","SS","FIELD"
"52","HEV102","Ornebius novarae","Orthoptera",0,"Hand","Holei 2",2015,"Heteropoda venatoria","",12.2,"10/28/19","SS","FIELD"
"53","HEV102","Orthocladiinae","Diptera",0,"Hand","Holei 2",2015,"Heteropoda venatoria","",12.2,"10/28/19","SS","FIELD"
"54","HEV102","Oxya","Orthoptera",0,"Hand","Holei 2",2015,"Heteropoda venatoria","",12.2,"10/28/19","SS","FIELD"
"55","HEV102","Pantala flavescens","Odonata",0,"Hand","Holei 2",2015,"Heteropoda venatoria","",12.2,"10/28/19","SS","FIELD"
"56","HEV102","Periplaneta australasiae","Blattodea",0,"Hand","Holei 2",2015,"Heteropoda venatoria","",12.2,"10/28/19","SS","FIELD"
"57","HEV102","Phisis holdhausi","Orthoptera",0,"Hand","Holei 2",2015,"Heteropoda venatoria","",12.2,"10/28/19","SS","FIELD"
"58","HEV102","Pholcus guadarfia","Araneae",0,"Hand","Holei 2",2015,"Heteropoda venatoria","",12.2,"10/28/19","SS","FIELD"
"59","HEV102","Pycnoscelus","Blattodea",0,"Hand","Holei 2",2015,"Heteropoda venatoria","",12.2,"10/28/19","SS","FIELD"
"60","HEV102","Pycnoscelus surinamensis","Blattodea",0,"Hand","Holei 2",2015,"Heteropoda venatoria","",12.2,"10/28/19","SS","FIELD"
"61","HEV102","Scholastes lonchifer","Diptera",0,"Hand","Holei 2",2015,"Heteropoda venatoria","",12.2,"10/28/19","SS","FIELD"
"62","HEV102","Tygarrup javanicus","Geophilomorpha",0,"Hand","Holei 2",2015,"Heteropoda venatoria","",12.2,"10/28/19","SS","FIELD"
"63","HEV102","Xiphydria","Hymenoptera",0,"Hand","Holei 2",2015,"Heteropoda venatoria","",12.2,"10/28/19","SS","FIELD"
"64","HEV103","Anisolabis maritima","Dermaptera",0,"Hand","Holei 3",2015,"Heteropoda venatoria","",13.5,"10/28/19","SS","FIELD"
"65","HEV103","Blattodea","Blattodea",0,"Hand","Holei 3",2015,"Heteropoda venatoria","",13.5,"10/28/19","SS","FIELD"
"66","HEV103","Buthus mariefranceae","Scorpiones",0,"Hand","Holei 3",2015,"Heteropoda venatoria","",13.5,"10/28/19","SS","FIELD"
"67","HEV103","Ectobiidae","Blattodea",3,"Hand","Holei 3",2015,"Heteropoda venatoria","",13.5,"10/28/19","SS","FIELD"
"68","HEV103","Hasarius adansoni","Araneae",0,"Hand","Holei 3",2015,"Heteropoda venatoria","",13.5,"10/28/19","SS","FIELD"
"69","HEV103","Isometrus maculatus","Scorpiones",1,"Hand","Holei 3",2015,"Heteropoda venatoria","",13.5,"10/28/19","SS","FIELD"
"70","HEV103","Limonia perkinsi","Diptera",0,"Hand","Holei 3",2015,"Heteropoda venatoria","",13.5,"10/28/19","SS","FIELD"
"71","HEV103","Nematocera","Diptera",0,"Hand","Holei 3",2015,"Heteropoda venatoria","",13.5,"10/28/19","SS","FIELD"
"72","HEV103","Neoptera","",1,"Hand","Holei 3",2015,"Heteropoda venatoria","",13.5,"10/28/19","SS","FIELD"
"73","HEV103","Ornebius novarae","Orthoptera",0,"Hand","Holei 3",2015,"Heteropoda venatoria","",13.5,"10/28/19","SS","FIELD"
"74","HEV103","Orthocladiinae","Diptera",0,"Hand","Holei 3",2015,"Heteropoda venatoria","",13.5,"10/28/19","SS","FIELD"
"75","HEV103","Oxya","Orthoptera",0,"Hand","Holei 3",2015,"Heteropoda venatoria","",13.5,"10/28/19","SS","FIELD"
"76","HEV103","Pantala flavescens","Odonata",0,"Hand","Holei 3",2015,"Heteropoda venatoria","",13.5,"10/28/19","SS","FIELD"
"77","HEV103","Periplaneta australasiae","Blattodea",0,"Hand","Holei 3",2015,"Heteropoda venatoria","",13.5,"10/28/19","SS","FIELD"
"78","HEV103","Phisis holdhausi","Orthoptera",0,"Hand","Holei 3",2015,"Heteropoda venatoria","",13.5,"10/28/19","SS","FIELD"
"79","HEV103","Pholcus guadarfia","Araneae",0,"Hand","Holei 3",2015,"Heteropoda venatoria","",13.5,"10/28/19","SS","FIELD"
"80","HEV103","Pycnoscelus","Blattodea",0,"Hand","Holei 3",2015,"Heteropoda venatoria","",13.5,"10/28/19","SS","FIELD"
"81","HEV103","Pycnoscelus surinamensis","Blattodea",0,"Hand","Holei 3",2015,"Heteropoda venatoria","",13.5,"10/28/19","SS","FIELD"
"82","HEV103","Scholastes lonchifer","Diptera",0,"Hand","Holei 3",2015,"Heteropoda venatoria","",13.5,"10/28/19","SS","FIELD"
"83","HEV103","Tygarrup javanicus","Geophilomorpha",0,"Hand","Holei 3",2015,"Heteropoda venatoria","",13.5,"10/28/19","SS","FIELD"
"84","HEV103","Xiphydria","Hymenoptera",0,"Hand","Holei 3",2015,"Heteropoda venatoria","",13.5,"10/28/19","SS","FIELD"
"85","HEV104","Anisolabis maritima","Dermaptera",0,"Hand","Holei 4",2015,"Heteropoda venatoria","",13.2,"10/28/19","SS","FIELD"
"86","HEV104","Blattodea","Blattodea",0,"Hand","Holei 4",2015,"Heteropoda venatoria","",13.2,"10/28/19","SS","FIELD"
"87","HEV104","Buthus mariefranceae","Scorpiones",0,"Hand","Holei 4",2015,"Heteropoda venatoria","",13.2,"10/28/19","SS","FIELD"
"88","HEV104","Ectobiidae","Blattodea",0,"Hand","Holei 4",2015,"Heteropoda venatoria","",13.2,"10/28/19","SS","FIELD"
"89","HEV104","Hasarius adansoni","Araneae",0,"Hand","Holei 4",2015,"Heteropoda venatoria","",13.2,"10/28/19","SS","FIELD"
"90","HEV104","Isometrus maculatus","Scorpiones",3,"Hand","Holei 4",2015,"Heteropoda venatoria","",13.2,"10/28/19","SS","FIELD"
"91","HEV104","Limonia perkinsi","Diptera",7,"Hand","Holei 4",2015,"Heteropoda venatoria","",13.2,"10/28/19","SS","FIELD"
"92","HEV104","Nematocera","Diptera",0,"Hand","Holei 4",2015,"Heteropoda venatoria","",13.2,"10/28/19","SS","FIELD"
"93","HEV104","Neoptera","",1,"Hand","Holei 4",2015,"Heteropoda venatoria","",13.2,"10/28/19","SS","FIELD"
"94","HEV104","Ornebius novarae","Orthoptera",0,"Hand","Holei 4",2015,"Heteropoda venatoria","",13.2,"10/28/19","SS","FIELD"
"95","HEV104","Orthocladiinae","Diptera",0,"Hand","Holei 4",2015,"Heteropoda venatoria","",13.2,"10/28/19","SS","FIELD"
"96","HEV104","Oxya","Orthoptera",0,"Hand","Holei 4",2015,"Heteropoda venatoria","",13.2,"10/28/19","SS","FIELD"
"97","HEV104","Pantala flavescens","Odonata",0,"Hand","Holei 4",2015,"Heteropoda venatoria","",13.2,"10/28/19","SS","FIELD"
"98","HEV104","Periplaneta australasiae","Blattodea",0,"Hand","Holei 4",2015,"Heteropoda venatoria","",13.2,"10/28/19","SS","FIELD"
"99","HEV104","Phisis holdhausi","Orthoptera",0,"Hand","Holei 4",2015,"Heteropoda venatoria","",13.2,"10/28/19","SS","FIELD"
"100","HEV104","Pholcus guadarfia","Araneae",0,"Hand","Holei 4",2015,"Heteropoda venatoria","",13.2,"10/28/19","SS","FIELD"
"101","HEV104","Pycnoscelus","Blattodea",0,"Hand","Holei 4",2015,"Heteropoda venatoria","",13.2,"10/28/19","SS","FIELD"
"102","HEV104","Pycnoscelus surinamensis","Blattodea",0,"Hand","Holei 4",2015,"Heteropoda venatoria","",13.2,"10/28/19","SS","FIELD"
"103","HEV104","Scholastes lonchifer","Diptera",1941,"Hand","Holei 4",2015,"Heteropoda venatoria","",13.2,"10/28/19","SS","FIELD"
"104","HEV104","Tygarrup javanicus","Geophilomorpha",0,"Hand","Holei 4",2015,"Heteropoda venatoria","",13.2,"10/28/19","SS","FIELD"
"105","HEV104","Xiphydria","Hymenoptera",0,"Hand","Holei 4",2015,"Heteropoda venatoria","",13.2,"10/28/19","SS","FIELD"
"106","HEV105","Anisolabis maritima","Dermaptera",0,"Hand","Holei 5",2015,"Heteropoda venatoria","",13.4,"10/28/19","SS","FIELD"
"107","HEV105","Blattodea","Blattodea",0,"Hand","Holei 5",2015,"Heteropoda venatoria","",13.4,"10/28/19","SS","FIELD"
"108","HEV105","Buthus mariefranceae","Scorpiones",0,"Hand","Holei 5",2015,"Heteropoda venatoria","",13.4,"10/28/19","SS","FIELD"
"109","HEV105","Ectobiidae","Blattodea",122,"Hand","Holei 5",2015,"Heteropoda venatoria","",13.4,"10/28/19","SS","FIELD"
"110","HEV105","Hasarius adansoni","Araneae",6,"Hand","Holei 5",2015,"Heteropoda venatoria","",13.4,"10/28/19","SS","FIELD"
"111","HEV105","Isometrus maculatus","Scorpiones",1,"Hand","Holei 5",2015,"Heteropoda venatoria","",13.4,"10/28/19","SS","FIELD"
"112","HEV105","Limonia perkinsi","Diptera",0,"Hand","Holei 5",2015,"Heteropoda venatoria","",13.4,"10/28/19","SS","FIELD"
"113","HEV105","Nematocera","Diptera",0,"Hand","Holei 5",2015,"Heteropoda venatoria","",13.4,"10/28/19","SS","FIELD"
"114","HEV105","Neoptera","",0,"Hand","Holei 5",2015,"Heteropoda venatoria","",13.4,"10/28/19","SS","FIELD"
"115","HEV105","Ornebius novarae","Orthoptera",6,"Hand","Holei 5",2015,"Heteropoda venatoria","",13.4,"10/28/19","SS","FIELD"
"116","HEV105","Orthocladiinae","Diptera",0,"Hand","Holei 5",2015,"Heteropoda venatoria","",13.4,"10/28/19","SS","FIELD"
"117","HEV105","Oxya","Orthoptera",0,"Hand","Holei 5",2015,"Heteropoda venatoria","",13.4,"10/28/19","SS","FIELD"
"118","HEV105","Pantala flavescens","Odonata",0,"Hand","Holei 5",2015,"Heteropoda venatoria","",13.4,"10/28/19","SS","FIELD"
"119","HEV105","Periplaneta australasiae","Blattodea",0,"Hand","Holei 5",2015,"Heteropoda venatoria","",13.4,"10/28/19","SS","FIELD"
"120","HEV105","Phisis holdhausi","Orthoptera",9,"Hand","Holei 5",2015,"Heteropoda venatoria","",13.4,"10/28/19","SS","FIELD"
"121","HEV105","Pholcus guadarfia","Araneae",0,"Hand","Holei 5",2015,"Heteropoda venatoria","",13.4,"10/28/19","SS","FIELD"
"122","HEV105","Pycnoscelus","Blattodea",0,"Hand","Holei 5",2015,"Heteropoda venatoria","",13.4,"10/28/19","SS","FIELD"
"123","HEV105","Pycnoscelus surinamensis","Blattodea",0,"Hand","Holei 5",2015,"Heteropoda venatoria","",13.4,"10/28/19","SS","FIELD"
"124","HEV105","Scholastes lonchifer","Diptera",0,"Hand","Holei 5",2015,"Heteropoda venatoria","",13.4,"10/28/19","SS","FIELD"
"125","HEV105","Tygarrup javanicus","Geophilomorpha",0,"Hand","Holei 5",2015,"Heteropoda venatoria","",13.4,"10/28/19","SS","FIELD"
"126","HEV105","Xiphydria","Hymenoptera",0,"Hand","Holei 5",2015,"Heteropoda venatoria","",13.4,"10/28/19","SS","FIELD"
"127","HEV106","Anisolabis maritima","Dermaptera",0,"Hand","Holei 6",2015,"Heteropoda venatoria","",15,"10/28/19","NS","FIELD"
"128","HEV106","Blattodea","Blattodea",0,"Hand","Holei 6",2015,"Heteropoda venatoria","",15,"10/28/19","NS","FIELD"
"129","HEV106","Buthus mariefranceae","Scorpiones",2,"Hand","Holei 6",2015,"Heteropoda venatoria","",15,"10/28/19","NS","FIELD"
"130","HEV106","Ectobiidae","Blattodea",0,"Hand","Holei 6",2015,"Heteropoda venatoria","",15,"10/28/19","NS","FIELD"
"131","HEV106","Hasarius adansoni","Araneae",0,"Hand","Holei 6",2015,"Heteropoda venatoria","",15,"10/28/19","NS","FIELD"
"132","HEV106","Isometrus maculatus","Scorpiones",1,"Hand","Holei 6",2015,"Heteropoda venatoria","",15,"10/28/19","NS","FIELD"
"133","HEV106","Limonia perkinsi","Diptera",0,"Hand","Holei 6",2015,"Heteropoda venatoria","",15,"10/28/19","NS","FIELD"
"134","HEV106","Nematocera","Diptera",0,"Hand","Holei 6",2015,"Heteropoda venatoria","",15,"10/28/19","NS","FIELD"
"135","HEV106","Neoptera","",0,"Hand","Holei 6",2015,"Heteropoda venatoria","",15,"10/28/19","NS","FIELD"
"136","HEV106","Ornebius novarae","Orthoptera",0,"Hand","Holei 6",2015,"Heteropoda venatoria","",15,"10/28/19","NS","FIELD"
"137","HEV106","Orthocladiinae","Diptera",0,"Hand","Holei 6",2015,"Heteropoda venatoria","",15,"10/28/19","NS","FIELD"
"138","HEV106","Oxya","Orthoptera",0,"Hand","Holei 6",2015,"Heteropoda venatoria","",15,"10/28/19","NS","FIELD"
"139","HEV106","Pantala flavescens","Odonata",0,"Hand","Holei 6",2015,"Heteropoda venatoria","",15,"10/28/19","NS","FIELD"
"140","HEV106","Periplaneta australasiae","Blattodea",0,"Hand","Holei 6",2015,"Heteropoda venatoria","",15,"10/28/19","NS","FIELD"
"141","HEV106","Phisis holdhausi","Orthoptera",0,"Hand","Holei 6",2015,"Heteropoda venatoria","",15,"10/28/19","NS","FIELD"
"142","HEV106","Pholcus guadarfia","Araneae",0,"Hand","Holei 6",2015,"Heteropoda venatoria","",15,"10/28/19","NS","FIELD"
"143","HEV106","Pycnoscelus","Blattodea",0,"Hand","Holei 6",2015,"Heteropoda venatoria","",15,"10/28/19","NS","FIELD"
"144","HEV106","Pycnoscelus surinamensis","Blattodea",0,"Hand","Holei 6",2015,"Heteropoda venatoria","",15,"10/28/19","NS","FIELD"
"145","HEV106","Scholastes lonchifer","Diptera",0,"Hand","Holei 6",2015,"Heteropoda venatoria","",15,"10/28/19","NS","FIELD"
"146","HEV106","Tygarrup javanicus","Geophilomorpha",0,"Hand","Holei 6",2015,"Heteropoda venatoria","",15,"10/28/19","NS","FIELD"
"147","HEV106","Xiphydria","Hymenoptera",0,"Hand","Holei 6",2015,"Heteropoda venatoria","",15,"10/28/19","NS","FIELD"
"148","HEV107","Anisolabis maritima","Dermaptera",0,"Hand","Holei 7",2015,"Heteropoda venatoria","",11.4,"10/28/19","NS","FIELD"
"149","HEV107","Blattodea","Blattodea",0,"Hand","Holei 7",2015,"Heteropoda venatoria","",11.4,"10/28/19","NS","FIELD"
"150","HEV107","Buthus mariefranceae","Scorpiones",0,"Hand","Holei 7",2015,"Heteropoda venatoria","",11.4,"10/28/19","NS","FIELD"
"151","HEV107","Ectobiidae","Blattodea",0,"Hand","Holei 7",2015,"Heteropoda venatoria","",11.4,"10/28/19","NS","FIELD"
"152","HEV107","Hasarius adansoni","Araneae",2,"Hand","Holei 7",2015,"Heteropoda venatoria","",11.4,"10/28/19","NS","FIELD"
"153","HEV107","Isometrus maculatus","Scorpiones",1,"Hand","Holei 7",2015,"Heteropoda venatoria","",11.4,"10/28/19","NS","FIELD"
"154","HEV107","Limonia perkinsi","Diptera",0,"Hand","Holei 7",2015,"Heteropoda venatoria","",11.4,"10/28/19","NS","FIELD"
"155","HEV107","Nematocera","Diptera",0,"Hand","Holei 7",2015,"Heteropoda venatoria","",11.4,"10/28/19","NS","FIELD"
"156","HEV107","Neoptera","",11,"Hand","Holei 7",2015,"Heteropoda venatoria","",11.4,"10/28/19","NS","FIELD"
"157","HEV107","Ornebius novarae","Orthoptera",1,"Hand","Holei 7",2015,"Heteropoda venatoria","",11.4,"10/28/19","NS","FIELD"
"158","HEV107","Orthocladiinae","Diptera",0,"Hand","Holei 7",2015,"Heteropoda venatoria","",11.4,"10/28/19","NS","FIELD"
"159","HEV107","Oxya","Orthoptera",0,"Hand","Holei 7",2015,"Heteropoda venatoria","",11.4,"10/28/19","NS","FIELD"
"160","HEV107","Pantala flavescens","Odonata",0,"Hand","Holei 7",2015,"Heteropoda venatoria","",11.4,"10/28/19","NS","FIELD"
"161","HEV107","Periplaneta australasiae","Blattodea",0,"Hand","Holei 7",2015,"Heteropoda venatoria","",11.4,"10/28/19","NS","FIELD"
"162","HEV107","Phisis holdhausi","Orthoptera",0,"Hand","Holei 7",2015,"Heteropoda venatoria","",11.4,"10/28/19","NS","FIELD"
"163","HEV107","Pholcus guadarfia","Araneae",0,"Hand","Holei 7",2015,"Heteropoda venatoria","",11.4,"10/28/19","NS","FIELD"
"164","HEV107","Pycnoscelus","Blattodea",0,"Hand","Holei 7",2015,"Heteropoda venatoria","",11.4,"10/28/19","NS","FIELD"
"165","HEV107","Pycnoscelus surinamensis","Blattodea",0,"Hand","Holei 7",2015,"Heteropoda venatoria","",11.4,"10/28/19","NS","FIELD"
"166","HEV107","Scholastes lonchifer","Diptera",0,"Hand","Holei 7",2015,"Heteropoda venatoria","",11.4,"10/28/19","NS","FIELD"
"167","HEV107","Tygarrup javanicus","Geophilomorpha",0,"Hand","Holei 7",2015,"Heteropoda venatoria","",11.4,"10/28/19","NS","FIELD"
"168","HEV107","Xiphydria","Hymenoptera",0,"Hand","Holei 7",2015,"Heteropoda venatoria","",11.4,"10/28/19","NS","FIELD"
"169","HEV108","Anisolabis maritima","Dermaptera",0,"Hand","Holei 8",2015,"Heteropoda venatoria","",11.5,"10/28/19","NS","FIELD"
"170","HEV108","Blattodea","Blattodea",0,"Hand","Holei 8",2015,"Heteropoda venatoria","",11.5,"10/28/19","NS","FIELD"
"171","HEV108","Buthus mariefranceae","Scorpiones",0,"Hand","Holei 8",2015,"Heteropoda venatoria","",11.5,"10/28/19","NS","FIELD"
"172","HEV108","Ectobiidae","Blattodea",8,"Hand","Holei 8",2015,"Heteropoda venatoria","",11.5,"10/28/19","NS","FIELD"
"173","HEV108","Hasarius adansoni","Araneae",0,"Hand","Holei 8",2015,"Heteropoda venatoria","",11.5,"10/28/19","NS","FIELD"
"174","HEV108","Isometrus maculatus","Scorpiones",4,"Hand","Holei 8",2015,"Heteropoda venatoria","",11.5,"10/28/19","NS","FIELD"
"175","HEV108","Limonia perkinsi","Diptera",0,"Hand","Holei 8",2015,"Heteropoda venatoria","",11.5,"10/28/19","NS","FIELD"
"176","HEV108","Nematocera","Diptera",0,"Hand","Holei 8",2015,"Heteropoda venatoria","",11.5,"10/28/19","NS","FIELD"
"177","HEV108","Neoptera","",21,"Hand","Holei 8",2015,"Heteropoda venatoria","",11.5,"10/28/19","NS","FIELD"
"178","HEV108","Ornebius novarae","Orthoptera",0,"Hand","Holei 8",2015,"Heteropoda venatoria","",11.5,"10/28/19","NS","FIELD"
"179","HEV108","Orthocladiinae","Diptera",0,"Hand","Holei 8",2015,"Heteropoda venatoria","",11.5,"10/28/19","NS","FIELD"
"180","HEV108","Oxya","Orthoptera",0,"Hand","Holei 8",2015,"Heteropoda venatoria","",11.5,"10/28/19","NS","FIELD"
"181","HEV108","Pantala flavescens","Odonata",0,"Hand","Holei 8",2015,"Heteropoda venatoria","",11.5,"10/28/19","NS","FIELD"
"182","HEV108","Periplaneta australasiae","Blattodea",0,"Hand","Holei 8",2015,"Heteropoda venatoria","",11.5,"10/28/19","NS","FIELD"
"183","HEV108","Phisis holdhausi","Orthoptera",0,"Hand","Holei 8",2015,"Heteropoda venatoria","",11.5,"10/28/19","NS","FIELD"
"184","HEV108","Pholcus guadarfia","Araneae",0,"Hand","Holei 8",2015,"Heteropoda venatoria","",11.5,"10/28/19","NS","FIELD"
"185","HEV108","Pycnoscelus","Blattodea",0,"Hand","Holei 8",2015,"Heteropoda venatoria","",11.5,"10/28/19","NS","FIELD"
"186","HEV108","Pycnoscelus surinamensis","Blattodea",0,"Hand","Holei 8",2015,"Heteropoda venatoria","",11.5,"10/28/19","NS","FIELD"
"187","HEV108","Scholastes lonchifer","Diptera",4079,"Hand","Holei 8",2015,"Heteropoda venatoria","",11.5,"10/28/19","NS","FIELD"
"188","HEV108","Tygarrup javanicus","Geophilomorpha",0,"Hand","Holei 8",2015,"Heteropoda venatoria","",11.5,"10/28/19","NS","FIELD"
"189","HEV108","Xiphydria","Hymenoptera",0,"Hand","Holei 8",2015,"Heteropoda venatoria","",11.5,"10/28/19","NS","FIELD"
"190","HEV109","Anisolabis maritima","Dermaptera",0,"Hand","Holei 9",2015,"Heteropoda venatoria","",12.8,"10/28/19","NS","FIELD"
"191","HEV109","Blattodea","Blattodea",0,"Hand","Holei 9",2015,"Heteropoda venatoria","",12.8,"10/28/19","NS","FIELD"
"192","HEV109","Buthus mariefranceae","Scorpiones",0,"Hand","Holei 9",2015,"Heteropoda venatoria","",12.8,"10/28/19","NS","FIELD"
"193","HEV109","Ectobiidae","Blattodea",0,"Hand","Holei 9",2015,"Heteropoda venatoria","",12.8,"10/28/19","NS","FIELD"
"194","HEV109","Hasarius adansoni","Araneae",0,"Hand","Holei 9",2015,"Heteropoda venatoria","",12.8,"10/28/19","NS","FIELD"
"195","HEV109","Isometrus maculatus","Scorpiones",0,"Hand","Holei 9",2015,"Heteropoda venatoria","",12.8,"10/28/19","NS","FIELD"
"196","HEV109","Limonia perkinsi","Diptera",0,"Hand","Holei 9",2015,"Heteropoda venatoria","",12.8,"10/28/19","NS","FIELD"
"197","HEV109","Nematocera","Diptera",0,"Hand","Holei 9",2015,"Heteropoda venatoria","",12.8,"10/28/19","NS","FIELD"
"198","HEV109","Neoptera","",0,"Hand","Holei 9",2015,"Heteropoda venatoria","",12.8,"10/28/19","NS","FIELD"
"199","HEV109","Ornebius novarae","Orthoptera",0,"Hand","Holei 9",2015,"Heteropoda venatoria","",12.8,"10/28/19","NS","FIELD"
"200","HEV109","Orthocladiinae","Diptera",0,"Hand","Holei 9",2015,"Heteropoda venatoria","",12.8,"10/28/19","NS","FIELD"
"201","HEV109","Oxya","Orthoptera",0,"Hand","Holei 9",2015,"Heteropoda venatoria","",12.8,"10/28/19","NS","FIELD"
"202","HEV109","Pantala flavescens","Odonata",0,"Hand","Holei 9",2015,"Heteropoda venatoria","",12.8,"10/28/19","NS","FIELD"
"203","HEV109","Periplaneta australasiae","Blattodea",0,"Hand","Holei 9",2015,"Heteropoda venatoria","",12.8,"10/28/19","NS","FIELD"
"204","HEV109","Phisis holdhausi","Orthoptera",0,"Hand","Holei 9",2015,"Heteropoda venatoria","",12.8,"10/28/19","NS","FIELD"
"205","HEV109","Pholcus guadarfia","Araneae",0,"Hand","Holei 9",2015,"Heteropoda venatoria","",12.8,"10/28/19","NS","FIELD"
"206","HEV109","Pycnoscelus","Blattodea",0,"Hand","Holei 9",2015,"Heteropoda venatoria","",12.8,"10/28/19","NS","FIELD"
"207","HEV109","Pycnoscelus surinamensis","Blattodea",0,"Hand","Holei 9",2015,"Heteropoda venatoria","",12.8,"10/28/19","NS","FIELD"
"208","HEV109","Scholastes lonchifer","Diptera",0,"Hand","Holei 9",2015,"Heteropoda venatoria","",12.8,"10/28/19","NS","FIELD"
"209","HEV109","Tygarrup javanicus","Geophilomorpha",27,"Hand","Holei 9",2015,"Heteropoda venatoria","",12.8,"10/28/19","NS","FIELD"
"210","HEV109","Xiphydria","Hymenoptera",0,"Hand","Holei 9",2015,"Heteropoda venatoria","",12.8,"10/28/19","NS","FIELD"
"211","HEV110","Anisolabis maritima","Dermaptera",0,"Hand","Holei 10",2015,"Heteropoda venatoria","",9.8,"10/28/19","NS","FIELD"
"212","HEV110","Blattodea","Blattodea",0,"Hand","Holei 10",2015,"Heteropoda venatoria","",9.8,"10/28/19","NS","FIELD"
"213","HEV110","Buthus mariefranceae","Scorpiones",0,"Hand","Holei 10",2015,"Heteropoda venatoria","",9.8,"10/28/19","NS","FIELD"
"214","HEV110","Ectobiidae","Blattodea",0,"Hand","Holei 10",2015,"Heteropoda venatoria","",9.8,"10/28/19","NS","FIELD"
"215","HEV110","Hasarius adansoni","Araneae",0,"Hand","Holei 10",2015,"Heteropoda venatoria","",9.8,"10/28/19","NS","FIELD"
"216","HEV110","Isometrus maculatus","Scorpiones",4,"Hand","Holei 10",2015,"Heteropoda venatoria","",9.8,"10/28/19","NS","FIELD"
"217","HEV110","Limonia perkinsi","Diptera",0,"Hand","Holei 10",2015,"Heteropoda venatoria","",9.8,"10/28/19","NS","FIELD"
"218","HEV110","Nematocera","Diptera",0,"Hand","Holei 10",2015,"Heteropoda venatoria","",9.8,"10/28/19","NS","FIELD"
"219","HEV110","Neoptera","",0,"Hand","Holei 10",2015,"Heteropoda venatoria","",9.8,"10/28/19","NS","FIELD"
"220","HEV110","Ornebius novarae","Orthoptera",0,"Hand","Holei 10",2015,"Heteropoda venatoria","",9.8,"10/28/19","NS","FIELD"
"221","HEV110","Orthocladiinae","Diptera",0,"Hand","Holei 10",2015,"Heteropoda venatoria","",9.8,"10/28/19","NS","FIELD"
"222","HEV110","Oxya","Orthoptera",0,"Hand","Holei 10",2015,"Heteropoda venatoria","",9.8,"10/28/19","NS","FIELD"
"223","HEV110","Pantala flavescens","Odonata",0,"Hand","Holei 10",2015,"Heteropoda venatoria","",9.8,"10/28/19","NS","FIELD"
"224","HEV110","Periplaneta australasiae","Blattodea",0,"Hand","Holei 10",2015,"Heteropoda venatoria","",9.8,"10/28/19","NS","FIELD"
"225","HEV110","Phisis holdhausi","Orthoptera",0,"Hand","Holei 10",2015,"Heteropoda venatoria","",9.8,"10/28/19","NS","FIELD"
"226","HEV110","Pholcus guadarfia","Araneae",0,"Hand","Holei 10",2015,"Heteropoda venatoria","",9.8,"10/28/19","NS","FIELD"
"227","HEV110","Pycnoscelus","Blattodea",0,"Hand","Holei 10",2015,"Heteropoda venatoria","",9.8,"10/28/19","NS","FIELD"
"228","HEV110","Pycnoscelus surinamensis","Blattodea",0,"Hand","Holei 10",2015,"Heteropoda venatoria","",9.8,"10/28/19","NS","FIELD"
"229","HEV110","Scholastes lonchifer","Diptera",0,"Hand","Holei 10",2015,"Heteropoda venatoria","",9.8,"10/28/19","NS","FIELD"
"230","HEV110","Tygarrup javanicus","Geophilomorpha",0,"Hand","Holei 10",2015,"Heteropoda venatoria","",9.8,"10/28/19","NS","FIELD"
"231","HEV110","Xiphydria","Hymenoptera",0,"Hand","Holei 10",2015,"Heteropoda venatoria","",9.8,"10/28/19","NS","FIELD"
"232","HEV111","Anisolabis maritima","Dermaptera",0,"Hand","Holei 11",2015,"Heteropoda venatoria","",7.4,"10/28/19","NS","FIELD"
"233","HEV111","Blattodea","Blattodea",0,"Hand","Holei 11",2015,"Heteropoda venatoria","",7.4,"10/28/19","NS","FIELD"
"234","HEV111","Buthus mariefranceae","Scorpiones",0,"Hand","Holei 11",2015,"Heteropoda venatoria","",7.4,"10/28/19","NS","FIELD"
"235","HEV111","Ectobiidae","Blattodea",0,"Hand","Holei 11",2015,"Heteropoda venatoria","",7.4,"10/28/19","NS","FIELD"
"236","HEV111","Hasarius adansoni","Araneae",0,"Hand","Holei 11",2015,"Heteropoda venatoria","",7.4,"10/28/19","NS","FIELD"
"237","HEV111","Isometrus maculatus","Scorpiones",0,"Hand","Holei 11",2015,"Heteropoda venatoria","",7.4,"10/28/19","NS","FIELD"
"238","HEV111","Limonia perkinsi","Diptera",0,"Hand","Holei 11",2015,"Heteropoda venatoria","",7.4,"10/28/19","NS","FIELD"
"239","HEV111","Nematocera","Diptera",0,"Hand","Holei 11",2015,"Heteropoda venatoria","",7.4,"10/28/19","NS","FIELD"
"240","HEV111","Neoptera","",0,"Hand","Holei 11",2015,"Heteropoda venatoria","",7.4,"10/28/19","NS","FIELD"
"241","HEV111","Ornebius novarae","Orthoptera",0,"Hand","Holei 11",2015,"Heteropoda venatoria","",7.4,"10/28/19","NS","FIELD"
"242","HEV111","Orthocladiinae","Diptera",0,"Hand","Holei 11",2015,"Heteropoda venatoria","",7.4,"10/28/19","NS","FIELD"
"243","HEV111","Oxya","Orthoptera",0,"Hand","Holei 11",2015,"Heteropoda venatoria","",7.4,"10/28/19","NS","FIELD"
"244","HEV111","Pantala flavescens","Odonata",0,"Hand","Holei 11",2015,"Heteropoda venatoria","",7.4,"10/28/19","NS","FIELD"
"245","HEV111","Periplaneta australasiae","Blattodea",0,"Hand","Holei 11",2015,"Heteropoda venatoria","",7.4,"10/28/19","NS","FIELD"
"246","HEV111","Phisis holdhausi","Orthoptera",0,"Hand","Holei 11",2015,"Heteropoda venatoria","",7.4,"10/28/19","NS","FIELD"
"247","HEV111","Pholcus guadarfia","Araneae",0,"Hand","Holei 11",2015,"Heteropoda venatoria","",7.4,"10/28/19","NS","FIELD"
"248","HEV111","Pycnoscelus","Blattodea",0,"Hand","Holei 11",2015,"Heteropoda venatoria","",7.4,"10/28/19","NS","FIELD"
"249","HEV111","Pycnoscelus surinamensis","Blattodea",0,"Hand","Holei 11",2015,"Heteropoda venatoria","",7.4,"10/28/19","NS","FIELD"
"250","HEV111","Scholastes lonchifer","Diptera",0,"Hand","Holei 11",2015,"Heteropoda venatoria","",7.4,"10/28/19","NS","FIELD"
"251","HEV111","Tygarrup javanicus","Geophilomorpha",0,"Hand","Holei 11",2015,"Heteropoda venatoria","",7.4,"10/28/19","NS","FIELD"
"252","HEV111","Xiphydria","Hymenoptera",0,"Hand","Holei 11",2015,"Heteropoda venatoria","",7.4,"10/28/19","NS","FIELD"
"253","HEV65","Anisolabis maritima","Dermaptera",0,"Hand","Fern 5",2016,"Heteropoda venatoria","",22.6,"10/23/18","SS","FIELD"
"254","HEV65","Blattodea","Blattodea",0,"Hand","Fern 5",2016,"Heteropoda venatoria","",22.6,"10/23/18","SS","FIELD"
"255","HEV65","Buthus mariefranceae","Scorpiones",0,"Hand","Fern 5",2016,"Heteropoda venatoria","",22.6,"10/23/18","SS","FIELD"
"256","HEV65","Ectobiidae","Blattodea",0,"Hand","Fern 5",2016,"Heteropoda venatoria","",22.6,"10/23/18","SS","FIELD"
"257","HEV65","Hasarius adansoni","Araneae",0,"Hand","Fern 5",2016,"Heteropoda venatoria","",22.6,"10/23/18","SS","FIELD"
"258","HEV65","Isometrus maculatus","Scorpiones",0,"Hand","Fern 5",2016,"Heteropoda venatoria","",22.6,"10/23/18","SS","FIELD"
"259","HEV65","Limonia perkinsi","Diptera",0,"Hand","Fern 5",2016,"Heteropoda venatoria","",22.6,"10/23/18","SS","FIELD"
"260","HEV65","Nematocera","Diptera",0,"Hand","Fern 5",2016,"Heteropoda venatoria","",22.6,"10/23/18","SS","FIELD"
"261","HEV65","Neoptera","",14,"Hand","Fern 5",2016,"Heteropoda venatoria","",22.6,"10/23/18","SS","FIELD"
"262","HEV65","Ornebius novarae","Orthoptera",0,"Hand","Fern 5",2016,"Heteropoda venatoria","",22.6,"10/23/18","SS","FIELD"
"263","HEV65","Orthocladiinae","Diptera",0,"Hand","Fern 5",2016,"Heteropoda venatoria","",22.6,"10/23/18","SS","FIELD"
"264","HEV65","Oxya","Orthoptera",0,"Hand","Fern 5",2016,"Heteropoda venatoria","",22.6,"10/23/18","SS","FIELD"
"265","HEV65","Pantala flavescens","Odonata",0,"Hand","Fern 5",2016,"Heteropoda venatoria","",22.6,"10/23/18","SS","FIELD"
"266","HEV65","Periplaneta australasiae","Blattodea",0,"Hand","Fern 5",2016,"Heteropoda venatoria","",22.6,"10/23/18","SS","FIELD"
"267","HEV65","Phisis holdhausi","Orthoptera",0,"Hand","Fern 5",2016,"Heteropoda venatoria","",22.6,"10/23/18","SS","FIELD"
"268","HEV65","Pholcus guadarfia","Araneae",0,"Hand","Fern 5",2016,"Heteropoda venatoria","",22.6,"10/23/18","SS","FIELD"
"269","HEV65","Pycnoscelus","Blattodea",0,"Hand","Fern 5",2016,"Heteropoda venatoria","",22.6,"10/23/18","SS","FIELD"
"270","HEV65","Pycnoscelus surinamensis","Blattodea",0,"Hand","Fern 5",2016,"Heteropoda venatoria","",22.6,"10/23/18","SS","FIELD"
"271","HEV65","Scholastes lonchifer","Diptera",0,"Hand","Fern 5",2016,"Heteropoda venatoria","",22.6,"10/23/18","SS","FIELD"
"272","HEV65","Tygarrup javanicus","Geophilomorpha",0,"Hand","Fern 5",2016,"Heteropoda venatoria","",22.6,"10/23/18","SS","FIELD"
"273","HEV65","Xiphydria","Hymenoptera",0,"Hand","Fern 5",2016,"Heteropoda venatoria","",22.6,"10/23/18","SS","FIELD"
"274","HEV66","Anisolabis maritima","Dermaptera",0,"Hand","Fern 4",2016,"Heteropoda venatoria","",17.2,"10/23/18","SS","FIELD"
"275","HEV66","Blattodea","Blattodea",0,"Hand","Fern 4",2016,"Heteropoda venatoria","",17.2,"10/23/18","SS","FIELD"
"276","HEV66","Buthus mariefranceae","Scorpiones",0,"Hand","Fern 4",2016,"Heteropoda venatoria","",17.2,"10/23/18","SS","FIELD"
"277","HEV66","Ectobiidae","Blattodea",0,"Hand","Fern 4",2016,"Heteropoda venatoria","",17.2,"10/23/18","SS","FIELD"
"278","HEV66","Hasarius adansoni","Araneae",0,"Hand","Fern 4",2016,"Heteropoda venatoria","",17.2,"10/23/18","SS","FIELD"
"279","HEV66","Isometrus maculatus","Scorpiones",0,"Hand","Fern 4",2016,"Heteropoda venatoria","",17.2,"10/23/18","SS","FIELD"
"280","HEV66","Limonia perkinsi","Diptera",0,"Hand","Fern 4",2016,"Heteropoda venatoria","",17.2,"10/23/18","SS","FIELD"
"281","HEV66","Nematocera","Diptera",0,"Hand","Fern 4",2016,"Heteropoda venatoria","",17.2,"10/23/18","SS","FIELD"
"282","HEV66","Neoptera","",0,"Hand","Fern 4",2016,"Heteropoda venatoria","",17.2,"10/23/18","SS","FIELD"
"283","HEV66","Ornebius novarae","Orthoptera",0,"Hand","Fern 4",2016,"Heteropoda venatoria","",17.2,"10/23/18","SS","FIELD"
"284","HEV66","Orthocladiinae","Diptera",0,"Hand","Fern 4",2016,"Heteropoda venatoria","",17.2,"10/23/18","SS","FIELD"
"285","HEV66","Oxya","Orthoptera",1,"Hand","Fern 4",2016,"Heteropoda venatoria","",17.2,"10/23/18","SS","FIELD"
"286","HEV66","Pantala flavescens","Odonata",0,"Hand","Fern 4",2016,"Heteropoda venatoria","",17.2,"10/23/18","SS","FIELD"
"287","HEV66","Periplaneta australasiae","Blattodea",0,"Hand","Fern 4",2016,"Heteropoda venatoria","",17.2,"10/23/18","SS","FIELD"
"288","HEV66","Phisis holdhausi","Orthoptera",0,"Hand","Fern 4",2016,"Heteropoda venatoria","",17.2,"10/23/18","SS","FIELD"
"289","HEV66","Pholcus guadarfia","Araneae",0,"Hand","Fern 4",2016,"Heteropoda venatoria","",17.2,"10/23/18","SS","FIELD"
"290","HEV66","Pycnoscelus","Blattodea",0,"Hand","Fern 4",2016,"Heteropoda venatoria","",17.2,"10/23/18","SS","FIELD"
"291","HEV66","Pycnoscelus surinamensis","Blattodea",0,"Hand","Fern 4",2016,"Heteropoda venatoria","",17.2,"10/23/18","SS","FIELD"
"292","HEV66","Scholastes lonchifer","Diptera",0,"Hand","Fern 4",2016,"Heteropoda venatoria","",17.2,"10/23/18","SS","FIELD"
"293","HEV66","Tygarrup javanicus","Geophilomorpha",0,"Hand","Fern 4",2016,"Heteropoda venatoria","",17.2,"10/23/18","SS","FIELD"
"294","HEV66","Xiphydria","Hymenoptera",0,"Hand","Fern 4",2016,"Heteropoda venatoria","",17.2,"10/23/18","SS","FIELD"
"295","HEV67","Anisolabis maritima","Dermaptera",1,"Hand","Fern 10",2016,"Heteropoda venatoria","",19.1,"10/23/18","SS","FIELD"
"296","HEV67","Blattodea","Blattodea",0,"Hand","Fern 10",2016,"Heteropoda venatoria","",19.1,"10/23/18","SS","FIELD"
"297","HEV67","Buthus mariefranceae","Scorpiones",0,"Hand","Fern 10",2016,"Heteropoda venatoria","",19.1,"10/23/18","SS","FIELD"
"298","HEV67","Ectobiidae","Blattodea",0,"Hand","Fern 10",2016,"Heteropoda venatoria","",19.1,"10/23/18","SS","FIELD"
"299","HEV67","Hasarius adansoni","Araneae",0,"Hand","Fern 10",2016,"Heteropoda venatoria","",19.1,"10/23/18","SS","FIELD"
"300","HEV67","Isometrus maculatus","Scorpiones",0,"Hand","Fern 10",2016,"Heteropoda venatoria","",19.1,"10/23/18","SS","FIELD"
"301","HEV67","Limonia perkinsi","Diptera",0,"Hand","Fern 10",2016,"Heteropoda venatoria","",19.1,"10/23/18","SS","FIELD"
"302","HEV67","Nematocera","Diptera",0,"Hand","Fern 10",2016,"Heteropoda venatoria","",19.1,"10/23/18","SS","FIELD"
"303","HEV67","Neoptera","",0,"Hand","Fern 10",2016,"Heteropoda venatoria","",19.1,"10/23/18","SS","FIELD"
"304","HEV67","Ornebius novarae","Orthoptera",0,"Hand","Fern 10",2016,"Heteropoda venatoria","",19.1,"10/23/18","SS","FIELD"
"305","HEV67","Orthocladiinae","Diptera",0,"Hand","Fern 10",2016,"Heteropoda venatoria","",19.1,"10/23/18","SS","FIELD"
"306","HEV67","Oxya","Orthoptera",0,"Hand","Fern 10",2016,"Heteropoda venatoria","",19.1,"10/23/18","SS","FIELD"
"307","HEV67","Pantala flavescens","Odonata",0,"Hand","Fern 10",2016,"Heteropoda venatoria","",19.1,"10/23/18","SS","FIELD"
"308","HEV67","Periplaneta australasiae","Blattodea",0,"Hand","Fern 10",2016,"Heteropoda venatoria","",19.1,"10/23/18","SS","FIELD"
"309","HEV67","Phisis holdhausi","Orthoptera",0,"Hand","Fern 10",2016,"Heteropoda venatoria","",19.1,"10/23/18","SS","FIELD"
"310","HEV67","Pholcus guadarfia","Araneae",0,"Hand","Fern 10",2016,"Heteropoda venatoria","",19.1,"10/23/18","SS","FIELD"
"311","HEV67","Pycnoscelus","Blattodea",0,"Hand","Fern 10",2016,"Heteropoda venatoria","",19.1,"10/23/18","SS","FIELD"
"312","HEV67","Pycnoscelus surinamensis","Blattodea",0,"Hand","Fern 10",2016,"Heteropoda venatoria","",19.1,"10/23/18","SS","FIELD"
"313","HEV67","Scholastes lonchifer","Diptera",0,"Hand","Fern 10",2016,"Heteropoda venatoria","",19.1,"10/23/18","SS","FIELD"
"314","HEV67","Tygarrup javanicus","Geophilomorpha",0,"Hand","Fern 10",2016,"Heteropoda venatoria","",19.1,"10/23/18","SS","FIELD"
"315","HEV67","Xiphydria","Hymenoptera",0,"Hand","Fern 10",2016,"Heteropoda venatoria","",19.1,"10/23/18","SS","FIELD"
"316","HEV68","Anisolabis maritima","Dermaptera",0,"Hand","Fern 7",2016,"Heteropoda venatoria","",13.2,"10/23/18","SS","FIELD"
"317","HEV68","Blattodea","Blattodea",0,"Hand","Fern 7",2016,"Heteropoda venatoria","",13.2,"10/23/18","SS","FIELD"
"318","HEV68","Buthus mariefranceae","Scorpiones",0,"Hand","Fern 7",2016,"Heteropoda venatoria","",13.2,"10/23/18","SS","FIELD"
"319","HEV68","Ectobiidae","Blattodea",0,"Hand","Fern 7",2016,"Heteropoda venatoria","",13.2,"10/23/18","SS","FIELD"
"320","HEV68","Hasarius adansoni","Araneae",0,"Hand","Fern 7",2016,"Heteropoda venatoria","",13.2,"10/23/18","SS","FIELD"
"321","HEV68","Isometrus maculatus","Scorpiones",0,"Hand","Fern 7",2016,"Heteropoda venatoria","",13.2,"10/23/18","SS","FIELD"
"322","HEV68","Limonia perkinsi","Diptera",0,"Hand","Fern 7",2016,"Heteropoda venatoria","",13.2,"10/23/18","SS","FIELD"
"323","HEV68","Nematocera","Diptera",0,"Hand","Fern 7",2016,"Heteropoda venatoria","",13.2,"10/23/18","SS","FIELD"
"324","HEV68","Neoptera","",0,"Hand","Fern 7",2016,"Heteropoda venatoria","",13.2,"10/23/18","SS","FIELD"
"325","HEV68","Ornebius novarae","Orthoptera",0,"Hand","Fern 7",2016,"Heteropoda venatoria","",13.2,"10/23/18","SS","FIELD"
"326","HEV68","Orthocladiinae","Diptera",0,"Hand","Fern 7",2016,"Heteropoda venatoria","",13.2,"10/23/18","SS","FIELD"
"327","HEV68","Oxya","Orthoptera",0,"Hand","Fern 7",2016,"Heteropoda venatoria","",13.2,"10/23/18","SS","FIELD"
"328","HEV68","Pantala flavescens","Odonata",0,"Hand","Fern 7",2016,"Heteropoda venatoria","",13.2,"10/23/18","SS","FIELD"
"329","HEV68","Periplaneta australasiae","Blattodea",0,"Hand","Fern 7",2016,"Heteropoda venatoria","",13.2,"10/23/18","SS","FIELD"
"330","HEV68","Phisis holdhausi","Orthoptera",0,"Hand","Fern 7",2016,"Heteropoda venatoria","",13.2,"10/23/18","SS","FIELD"
"331","HEV68","Pholcus guadarfia","Araneae",0,"Hand","Fern 7",2016,"Heteropoda venatoria","",13.2,"10/23/18","SS","FIELD"
"332","HEV68","Pycnoscelus","Blattodea",0,"Hand","Fern 7",2016,"Heteropoda venatoria","",13.2,"10/23/18","SS","FIELD"
"333","HEV68","Pycnoscelus surinamensis","Blattodea",0,"Hand","Fern 7",2016,"Heteropoda venatoria","",13.2,"10/23/18","SS","FIELD"
"334","HEV68","Scholastes lonchifer","Diptera",0,"Hand","Fern 7",2016,"Heteropoda venatoria","",13.2,"10/23/18","SS","FIELD"
"335","HEV68","Tygarrup javanicus","Geophilomorpha",0,"Hand","Fern 7",2016,"Heteropoda venatoria","",13.2,"10/23/18","SS","FIELD"
"336","HEV68","Xiphydria","Hymenoptera",0,"Hand","Fern 7",2016,"Heteropoda venatoria","",13.2,"10/23/18","SS","FIELD"
"337","HEV70","Anisolabis maritima","Dermaptera",0,"Hand","Fern 8",2016,"Heteropoda venatoria","",17.7,"10/23/18","SS","FIELD"
"338","HEV70","Blattodea","Blattodea",0,"Hand","Fern 8",2016,"Heteropoda venatoria","",17.7,"10/23/18","SS","FIELD"
"339","HEV70","Buthus mariefranceae","Scorpiones",0,"Hand","Fern 8",2016,"Heteropoda venatoria","",17.7,"10/23/18","SS","FIELD"
"340","HEV70","Ectobiidae","Blattodea",0,"Hand","Fern 8",2016,"Heteropoda venatoria","",17.7,"10/23/18","SS","FIELD"
"341","HEV70","Hasarius adansoni","Araneae",0,"Hand","Fern 8",2016,"Heteropoda venatoria","",17.7,"10/23/18","SS","FIELD"
"342","HEV70","Isometrus maculatus","Scorpiones",0,"Hand","Fern 8",2016,"Heteropoda venatoria","",17.7,"10/23/18","SS","FIELD"
"343","HEV70","Limonia perkinsi","Diptera",0,"Hand","Fern 8",2016,"Heteropoda venatoria","",17.7,"10/23/18","SS","FIELD"
"344","HEV70","Nematocera","Diptera",0,"Hand","Fern 8",2016,"Heteropoda venatoria","",17.7,"10/23/18","SS","FIELD"
"345","HEV70","Neoptera","",0,"Hand","Fern 8",2016,"Heteropoda venatoria","",17.7,"10/23/18","SS","FIELD"
"346","HEV70","Ornebius novarae","Orthoptera",0,"Hand","Fern 8",2016,"Heteropoda venatoria","",17.7,"10/23/18","SS","FIELD"
"347","HEV70","Orthocladiinae","Diptera",0,"Hand","Fern 8",2016,"Heteropoda venatoria","",17.7,"10/23/18","SS","FIELD"
"348","HEV70","Oxya","Orthoptera",0,"Hand","Fern 8",2016,"Heteropoda venatoria","",17.7,"10/23/18","SS","FIELD"
"349","HEV70","Pantala flavescens","Odonata",0,"Hand","Fern 8",2016,"Heteropoda venatoria","",17.7,"10/23/18","SS","FIELD"
"350","HEV70","Periplaneta australasiae","Blattodea",0,"Hand","Fern 8",2016,"Heteropoda venatoria","",17.7,"10/23/18","SS","FIELD"
"351","HEV70","Phisis holdhausi","Orthoptera",0,"Hand","Fern 8",2016,"Heteropoda venatoria","",17.7,"10/23/18","SS","FIELD"
"352","HEV70","Pholcus guadarfia","Araneae",0,"Hand","Fern 8",2016,"Heteropoda venatoria","",17.7,"10/23/18","SS","FIELD"
"353","HEV70","Pycnoscelus","Blattodea",0,"Hand","Fern 8",2016,"Heteropoda venatoria","",17.7,"10/23/18","SS","FIELD"
"354","HEV70","Pycnoscelus surinamensis","Blattodea",0,"Hand","Fern 8",2016,"Heteropoda venatoria","",17.7,"10/23/18","SS","FIELD"
"355","HEV70","Scholastes lonchifer","Diptera",9,"Hand","Fern 8",2016,"Heteropoda venatoria","",17.7,"10/23/18","SS","FIELD"
"356","HEV70","Tygarrup javanicus","Geophilomorpha",0,"Hand","Fern 8",2016,"Heteropoda venatoria","",17.7,"10/23/18","SS","FIELD"
"357","HEV70","Xiphydria","Hymenoptera",0,"Hand","Fern 8",2016,"Heteropoda venatoria","",17.7,"10/23/18","SS","FIELD"
"358","HEV71","Anisolabis maritima","Dermaptera",0,"Hand","Leslie 3",2016,"Heteropoda venatoria","",21.2,"10/23/18","SS","FIELD"
"359","HEV71","Blattodea","Blattodea",0,"Hand","Leslie 3",2016,"Heteropoda venatoria","",21.2,"10/23/18","SS","FIELD"
"360","HEV71","Buthus mariefranceae","Scorpiones",0,"Hand","Leslie 3",2016,"Heteropoda venatoria","",21.2,"10/23/18","SS","FIELD"
"361","HEV71","Ectobiidae","Blattodea",0,"Hand","Leslie 3",2016,"Heteropoda venatoria","",21.2,"10/23/18","SS","FIELD"
"362","HEV71","Hasarius adansoni","Araneae",0,"Hand","Leslie 3",2016,"Heteropoda venatoria","",21.2,"10/23/18","SS","FIELD"
"363","HEV71","Isometrus maculatus","Scorpiones",0,"Hand","Leslie 3",2016,"Heteropoda venatoria","",21.2,"10/23/18","SS","FIELD"
"364","HEV71","Limonia perkinsi","Diptera",0,"Hand","Leslie 3",2016,"Heteropoda venatoria","",21.2,"10/23/18","SS","FIELD"
"365","HEV71","Nematocera","Diptera",0,"Hand","Leslie 3",2016,"Heteropoda venatoria","",21.2,"10/23/18","SS","FIELD"
"366","HEV71","Neoptera","",0,"Hand","Leslie 3",2016,"Heteropoda venatoria","",21.2,"10/23/18","SS","FIELD"
"367","HEV71","Ornebius novarae","Orthoptera",0,"Hand","Leslie 3",2016,"Heteropoda venatoria","",21.2,"10/23/18","SS","FIELD"
"368","HEV71","Orthocladiinae","Diptera",0,"Hand","Leslie 3",2016,"Heteropoda venatoria","",21.2,"10/23/18","SS","FIELD"
"369","HEV71","Oxya","Orthoptera",0,"Hand","Leslie 3",2016,"Heteropoda venatoria","",21.2,"10/23/18","SS","FIELD"
"370","HEV71","Pantala flavescens","Odonata",0,"Hand","Leslie 3",2016,"Heteropoda venatoria","",21.2,"10/23/18","SS","FIELD"
"371","HEV71","Periplaneta australasiae","Blattodea",329,"Hand","Leslie 3",2016,"Heteropoda venatoria","",21.2,"10/23/18","SS","FIELD"
"372","HEV71","Phisis holdhausi","Orthoptera",0,"Hand","Leslie 3",2016,"Heteropoda venatoria","",21.2,"10/23/18","SS","FIELD"
"373","HEV71","Pholcus guadarfia","Araneae",0,"Hand","Leslie 3",2016,"Heteropoda venatoria","",21.2,"10/23/18","SS","FIELD"
"374","HEV71","Pycnoscelus","Blattodea",0,"Hand","Leslie 3",2016,"Heteropoda venatoria","",21.2,"10/23/18","SS","FIELD"
"375","HEV71","Pycnoscelus surinamensis","Blattodea",0,"Hand","Leslie 3",2016,"Heteropoda venatoria","",21.2,"10/23/18","SS","FIELD"
"376","HEV71","Scholastes lonchifer","Diptera",0,"Hand","Leslie 3",2016,"Heteropoda venatoria","",21.2,"10/23/18","SS","FIELD"
"377","HEV71","Tygarrup javanicus","Geophilomorpha",0,"Hand","Leslie 3",2016,"Heteropoda venatoria","",21.2,"10/23/18","SS","FIELD"
"378","HEV71","Xiphydria","Hymenoptera",0,"Hand","Leslie 3",2016,"Heteropoda venatoria","",21.2,"10/23/18","SS","FIELD"
"379","HEV74","Anisolabis maritima","Dermaptera",0,"Hand","Leslie 11",2016,"Heteropoda venatoria","",19.5,"10/23/18","SS","FIELD"
"380","HEV74","Blattodea","Blattodea",0,"Hand","Leslie 11",2016,"Heteropoda venatoria","",19.5,"10/23/18","SS","FIELD"
"381","HEV74","Buthus mariefranceae","Scorpiones",0,"Hand","Leslie 11",2016,"Heteropoda venatoria","",19.5,"10/23/18","SS","FIELD"
"382","HEV74","Ectobiidae","Blattodea",0,"Hand","Leslie 11",2016,"Heteropoda venatoria","",19.5,"10/23/18","SS","FIELD"
"383","HEV74","Hasarius adansoni","Araneae",0,"Hand","Leslie 11",2016,"Heteropoda venatoria","",19.5,"10/23/18","SS","FIELD"
"384","HEV74","Isometrus maculatus","Scorpiones",0,"Hand","Leslie 11",2016,"Heteropoda venatoria","",19.5,"10/23/18","SS","FIELD"
"385","HEV74","Limonia perkinsi","Diptera",0,"Hand","Leslie 11",2016,"Heteropoda venatoria","",19.5,"10/23/18","SS","FIELD"
"386","HEV74","Nematocera","Diptera",0,"Hand","Leslie 11",2016,"Heteropoda venatoria","",19.5,"10/23/18","SS","FIELD"
"387","HEV74","Neoptera","",0,"Hand","Leslie 11",2016,"Heteropoda venatoria","",19.5,"10/23/18","SS","FIELD"
"388","HEV74","Ornebius novarae","Orthoptera",0,"Hand","Leslie 11",2016,"Heteropoda venatoria","",19.5,"10/23/18","SS","FIELD"
"389","HEV74","Orthocladiinae","Diptera",0,"Hand","Leslie 11",2016,"Heteropoda venatoria","",19.5,"10/23/18","SS","FIELD"
"390","HEV74","Oxya","Orthoptera",0,"Hand","Leslie 11",2016,"Heteropoda venatoria","",19.5,"10/23/18","SS","FIELD"
"391","HEV74","Pantala flavescens","Odonata",0,"Hand","Leslie 11",2016,"Heteropoda venatoria","",19.5,"10/23/18","SS","FIELD"
"392","HEV74","Periplaneta australasiae","Blattodea",0,"Hand","Leslie 11",2016,"Heteropoda venatoria","",19.5,"10/23/18","SS","FIELD"
"393","HEV74","Phisis holdhausi","Orthoptera",0,"Hand","Leslie 11",2016,"Heteropoda venatoria","",19.5,"10/23/18","SS","FIELD"
"394","HEV74","Pholcus guadarfia","Araneae",0,"Hand","Leslie 11",2016,"Heteropoda venatoria","",19.5,"10/23/18","SS","FIELD"
"395","HEV74","Pycnoscelus","Blattodea",0,"Hand","Leslie 11",2016,"Heteropoda venatoria","",19.5,"10/23/18","SS","FIELD"
"396","HEV74","Pycnoscelus surinamensis","Blattodea",0,"Hand","Leslie 11",2016,"Heteropoda venatoria","",19.5,"10/23/18","SS","FIELD"
"397","HEV74","Scholastes lonchifer","Diptera",0,"Hand","Leslie 11",2016,"Heteropoda venatoria","",19.5,"10/23/18","SS","FIELD"
"398","HEV74","Tygarrup javanicus","Geophilomorpha",0,"Hand","Leslie 11",2016,"Heteropoda venatoria","",19.5,"10/23/18","SS","FIELD"
"399","HEV74","Xiphydria","Hymenoptera",0,"Hand","Leslie 11",2016,"Heteropoda venatoria","",19.5,"10/23/18","SS","FIELD"
"400","HEV76","Anisolabis maritima","Dermaptera",0,"Hand","Leslie 13",2016,"Heteropoda venatoria","",16.2,"10/23/18","SS","FIELD"
"401","HEV76","Blattodea","Blattodea",112,"Hand","Leslie 13",2016,"Heteropoda venatoria","",16.2,"10/23/18","SS","FIELD"
"402","HEV76","Buthus mariefranceae","Scorpiones",0,"Hand","Leslie 13",2016,"Heteropoda venatoria","",16.2,"10/23/18","SS","FIELD"
"403","HEV76","Ectobiidae","Blattodea",0,"Hand","Leslie 13",2016,"Heteropoda venatoria","",16.2,"10/23/18","SS","FIELD"
"404","HEV76","Hasarius adansoni","Araneae",0,"Hand","Leslie 13",2016,"Heteropoda venatoria","",16.2,"10/23/18","SS","FIELD"
"405","HEV76","Isometrus maculatus","Scorpiones",0,"Hand","Leslie 13",2016,"Heteropoda venatoria","",16.2,"10/23/18","SS","FIELD"
"406","HEV76","Limonia perkinsi","Diptera",0,"Hand","Leslie 13",2016,"Heteropoda venatoria","",16.2,"10/23/18","SS","FIELD"
"407","HEV76","Nematocera","Diptera",0,"Hand","Leslie 13",2016,"Heteropoda venatoria","",16.2,"10/23/18","SS","FIELD"
"408","HEV76","Neoptera","",19,"Hand","Leslie 13",2016,"Heteropoda venatoria","",16.2,"10/23/18","SS","FIELD"
"409","HEV76","Ornebius novarae","Orthoptera",16,"Hand","Leslie 13",2016,"Heteropoda venatoria","",16.2,"10/23/18","SS","FIELD"
"410","HEV76","Orthocladiinae","Diptera",0,"Hand","Leslie 13",2016,"Heteropoda venatoria","",16.2,"10/23/18","SS","FIELD"
"411","HEV76","Oxya","Orthoptera",0,"Hand","Leslie 13",2016,"Heteropoda venatoria","",16.2,"10/23/18","SS","FIELD"
"412","HEV76","Pantala flavescens","Odonata",0,"Hand","Leslie 13",2016,"Heteropoda venatoria","",16.2,"10/23/18","SS","FIELD"
"413","HEV76","Periplaneta australasiae","Blattodea",0,"Hand","Leslie 13",2016,"Heteropoda venatoria","",16.2,"10/23/18","SS","FIELD"
"414","HEV76","Phisis holdhausi","Orthoptera",0,"Hand","Leslie 13",2016,"Heteropoda venatoria","",16.2,"10/23/18","SS","FIELD"
"415","HEV76","Pholcus guadarfia","Araneae",0,"Hand","Leslie 13",2016,"Heteropoda venatoria","",16.2,"10/23/18","SS","FIELD"
"416","HEV76","Pycnoscelus","Blattodea",0,"Hand","Leslie 13",2016,"Heteropoda venatoria","",16.2,"10/23/18","SS","FIELD"
"417","HEV76","Pycnoscelus surinamensis","Blattodea",0,"Hand","Leslie 13",2016,"Heteropoda venatoria","",16.2,"10/23/18","SS","FIELD"
"418","HEV76","Scholastes lonchifer","Diptera",0,"Hand","Leslie 13",2016,"Heteropoda venatoria","",16.2,"10/23/18","SS","FIELD"
"419","HEV76","Tygarrup javanicus","Geophilomorpha",0,"Hand","Leslie 13",2016,"Heteropoda venatoria","",16.2,"10/23/18","SS","FIELD"
"420","HEV76","Xiphydria","Hymenoptera",0,"Hand","Leslie 13",2016,"Heteropoda venatoria","",16.2,"10/23/18","SS","FIELD"
"421","HEV79","Anisolabis maritima","Dermaptera",0,"Hand","Fern 6",2016,"Heteropoda venatoria","",18.4,"10/23/18","NS","FIELD"
"422","HEV79","Blattodea","Blattodea",0,"Hand","Fern 6",2016,"Heteropoda venatoria","",18.4,"10/23/18","NS","FIELD"
"423","HEV79","Buthus mariefranceae","Scorpiones",0,"Hand","Fern 6",2016,"Heteropoda venatoria","",18.4,"10/23/18","NS","FIELD"
"424","HEV79","Ectobiidae","Blattodea",0,"Hand","Fern 6",2016,"Heteropoda venatoria","",18.4,"10/23/18","NS","FIELD"
"425","HEV79","Hasarius adansoni","Araneae",0,"Hand","Fern 6",2016,"Heteropoda venatoria","",18.4,"10/23/18","NS","FIELD"
"426","HEV79","Isometrus maculatus","Scorpiones",0,"Hand","Fern 6",2016,"Heteropoda venatoria","",18.4,"10/23/18","NS","FIELD"
"427","HEV79","Limonia perkinsi","Diptera",0,"Hand","Fern 6",2016,"Heteropoda venatoria","",18.4,"10/23/18","NS","FIELD"
"428","HEV79","Nematocera","Diptera",13,"Hand","Fern 6",2016,"Heteropoda venatoria","",18.4,"10/23/18","NS","FIELD"
"429","HEV79","Neoptera","",0,"Hand","Fern 6",2016,"Heteropoda venatoria","",18.4,"10/23/18","NS","FIELD"
"430","HEV79","Ornebius novarae","Orthoptera",0,"Hand","Fern 6",2016,"Heteropoda venatoria","",18.4,"10/23/18","NS","FIELD"
"431","HEV79","Orthocladiinae","Diptera",0,"Hand","Fern 6",2016,"Heteropoda venatoria","",18.4,"10/23/18","NS","FIELD"
"432","HEV79","Oxya","Orthoptera",0,"Hand","Fern 6",2016,"Heteropoda venatoria","",18.4,"10/23/18","NS","FIELD"
"433","HEV79","Pantala flavescens","Odonata",0,"Hand","Fern 6",2016,"Heteropoda venatoria","",18.4,"10/23/18","NS","FIELD"
"434","HEV79","Periplaneta australasiae","Blattodea",0,"Hand","Fern 6",2016,"Heteropoda venatoria","",18.4,"10/23/18","NS","FIELD"
"435","HEV79","Phisis holdhausi","Orthoptera",0,"Hand","Fern 6",2016,"Heteropoda venatoria","",18.4,"10/23/18","NS","FIELD"
"436","HEV79","Pholcus guadarfia","Araneae",0,"Hand","Fern 6",2016,"Heteropoda venatoria","",18.4,"10/23/18","NS","FIELD"
"437","HEV79","Pycnoscelus","Blattodea",0,"Hand","Fern 6",2016,"Heteropoda venatoria","",18.4,"10/23/18","NS","FIELD"
"438","HEV79","Pycnoscelus surinamensis","Blattodea",0,"Hand","Fern 6",2016,"Heteropoda venatoria","",18.4,"10/23/18","NS","FIELD"
"439","HEV79","Scholastes lonchifer","Diptera",0,"Hand","Fern 6",2016,"Heteropoda venatoria","",18.4,"10/23/18","NS","FIELD"
"440","HEV79","Tygarrup javanicus","Geophilomorpha",0,"Hand","Fern 6",2016,"Heteropoda venatoria","",18.4,"10/23/18","NS","FIELD"
"441","HEV79","Xiphydria","Hymenoptera",0,"Hand","Fern 6",2016,"Heteropoda venatoria","",18.4,"10/23/18","NS","FIELD"
"442","HEV81","Anisolabis maritima","Dermaptera",0,"Hand","Leslie 6",2016,"Heteropoda venatoria","",16,"10/23/18","NS","FIELD"
"443","HEV81","Blattodea","Blattodea",6,"Hand","Leslie 6",2016,"Heteropoda venatoria","",16,"10/23/18","NS","FIELD"
"444","HEV81","Buthus mariefranceae","Scorpiones",0,"Hand","Leslie 6",2016,"Heteropoda venatoria","",16,"10/23/18","NS","FIELD"
"445","HEV81","Ectobiidae","Blattodea",10,"Hand","Leslie 6",2016,"Heteropoda venatoria","",16,"10/23/18","NS","FIELD"
"446","HEV81","Hasarius adansoni","Araneae",90,"Hand","Leslie 6",2016,"Heteropoda venatoria","",16,"10/23/18","NS","FIELD"
"447","HEV81","Isometrus maculatus","Scorpiones",0,"Hand","Leslie 6",2016,"Heteropoda venatoria","",16,"10/23/18","NS","FIELD"
"448","HEV81","Limonia perkinsi","Diptera",0,"Hand","Leslie 6",2016,"Heteropoda venatoria","",16,"10/23/18","NS","FIELD"
"449","HEV81","Nematocera","Diptera",0,"Hand","Leslie 6",2016,"Heteropoda venatoria","",16,"10/23/18","NS","FIELD"
"450","HEV81","Neoptera","",0,"Hand","Leslie 6",2016,"Heteropoda venatoria","",16,"10/23/18","NS","FIELD"
"451","HEV81","Ornebius novarae","Orthoptera",3,"Hand","Leslie 6",2016,"Heteropoda venatoria","",16,"10/23/18","NS","FIELD"
"452","HEV81","Orthocladiinae","Diptera",0,"Hand","Leslie 6",2016,"Heteropoda venatoria","",16,"10/23/18","NS","FIELD"
"453","HEV81","Oxya","Orthoptera",0,"Hand","Leslie 6",2016,"Heteropoda venatoria","",16,"10/23/18","NS","FIELD"
"454","HEV81","Pantala flavescens","Odonata",0,"Hand","Leslie 6",2016,"Heteropoda venatoria","",16,"10/23/18","NS","FIELD"
"455","HEV81","Periplaneta australasiae","Blattodea",0,"Hand","Leslie 6",2016,"Heteropoda venatoria","",16,"10/23/18","NS","FIELD"
"456","HEV81","Phisis holdhausi","Orthoptera",0,"Hand","Leslie 6",2016,"Heteropoda venatoria","",16,"10/23/18","NS","FIELD"
"457","HEV81","Pholcus guadarfia","Araneae",0,"Hand","Leslie 6",2016,"Heteropoda venatoria","",16,"10/23/18","NS","FIELD"
"458","HEV81","Pycnoscelus","Blattodea",0,"Hand","Leslie 6",2016,"Heteropoda venatoria","",16,"10/23/18","NS","FIELD"
"459","HEV81","Pycnoscelus surinamensis","Blattodea",286,"Hand","Leslie 6",2016,"Heteropoda venatoria","",16,"10/23/18","NS","FIELD"
"460","HEV81","Scholastes lonchifer","Diptera",0,"Hand","Leslie 6",2016,"Heteropoda venatoria","",16,"10/23/18","NS","FIELD"
"461","HEV81","Tygarrup javanicus","Geophilomorpha",0,"Hand","Leslie 6",2016,"Heteropoda venatoria","",16,"10/23/18","NS","FIELD"
"462","HEV81","Xiphydria","Hymenoptera",0,"Hand","Leslie 6",2016,"Heteropoda venatoria","",16,"10/23/18","NS","FIELD"
"463","HEV82","Anisolabis maritima","Dermaptera",1,"Hand","Leslie 5",2016,"Heteropoda venatoria","",15.6,"10/23/18","NS","FIELD"
"464","HEV82","Blattodea","Blattodea",0,"Hand","Leslie 5",2016,"Heteropoda venatoria","",15.6,"10/23/18","NS","FIELD"
"465","HEV82","Buthus mariefranceae","Scorpiones",0,"Hand","Leslie 5",2016,"Heteropoda venatoria","",15.6,"10/23/18","NS","FIELD"
"466","HEV82","Ectobiidae","Blattodea",0,"Hand","Leslie 5",2016,"Heteropoda venatoria","",15.6,"10/23/18","NS","FIELD"
"467","HEV82","Hasarius adansoni","Araneae",0,"Hand","Leslie 5",2016,"Heteropoda venatoria","",15.6,"10/23/18","NS","FIELD"
"468","HEV82","Isometrus maculatus","Scorpiones",0,"Hand","Leslie 5",2016,"Heteropoda venatoria","",15.6,"10/23/18","NS","FIELD"
"469","HEV82","Limonia perkinsi","Diptera",0,"Hand","Leslie 5",2016,"Heteropoda venatoria","",15.6,"10/23/18","NS","FIELD"
"470","HEV82","Nematocera","Diptera",0,"Hand","Leslie 5",2016,"Heteropoda venatoria","",15.6,"10/23/18","NS","FIELD"
"471","HEV82","Neoptera","",0,"Hand","Leslie 5",2016,"Heteropoda venatoria","",15.6,"10/23/18","NS","FIELD"
"472","HEV82","Ornebius novarae","Orthoptera",0,"Hand","Leslie 5",2016,"Heteropoda venatoria","",15.6,"10/23/18","NS","FIELD"
"473","HEV82","Orthocladiinae","Diptera",0,"Hand","Leslie 5",2016,"Heteropoda venatoria","",15.6,"10/23/18","NS","FIELD"
"474","HEV82","Oxya","Orthoptera",0,"Hand","Leslie 5",2016,"Heteropoda venatoria","",15.6,"10/23/18","NS","FIELD"
"475","HEV82","Pantala flavescens","Odonata",0,"Hand","Leslie 5",2016,"Heteropoda venatoria","",15.6,"10/23/18","NS","FIELD"
"476","HEV82","Periplaneta australasiae","Blattodea",0,"Hand","Leslie 5",2016,"Heteropoda venatoria","",15.6,"10/23/18","NS","FIELD"
"477","HEV82","Phisis holdhausi","Orthoptera",0,"Hand","Leslie 5",2016,"Heteropoda venatoria","",15.6,"10/23/18","NS","FIELD"
"478","HEV82","Pholcus guadarfia","Araneae",0,"Hand","Leslie 5",2016,"Heteropoda venatoria","",15.6,"10/23/18","NS","FIELD"
"479","HEV82","Pycnoscelus","Blattodea",0,"Hand","Leslie 5",2016,"Heteropoda venatoria","",15.6,"10/23/18","NS","FIELD"
"480","HEV82","Pycnoscelus surinamensis","Blattodea",0,"Hand","Leslie 5",2016,"Heteropoda venatoria","",15.6,"10/23/18","NS","FIELD"
"481","HEV82","Scholastes lonchifer","Diptera",0,"Hand","Leslie 5",2016,"Heteropoda venatoria","",15.6,"10/23/18","NS","FIELD"
"482","HEV82","Tygarrup javanicus","Geophilomorpha",0,"Hand","Leslie 5",2016,"Heteropoda venatoria","",15.6,"10/23/18","NS","FIELD"
"483","HEV82","Xiphydria","Hymenoptera",0,"Hand","Leslie 5",2016,"Heteropoda venatoria","",15.6,"10/23/18","NS","FIELD"
"484","HEV83","Anisolabis maritima","Dermaptera",0,"Hand","Leslie 2",2016,"Heteropoda venatoria","",21.3,"10/23/18","NS","FIELD"
"485","HEV83","Blattodea","Blattodea",0,"Hand","Leslie 2",2016,"Heteropoda venatoria","",21.3,"10/23/18","NS","FIELD"
"486","HEV83","Buthus mariefranceae","Scorpiones",0,"Hand","Leslie 2",2016,"Heteropoda venatoria","",21.3,"10/23/18","NS","FIELD"
"487","HEV83","Ectobiidae","Blattodea",0,"Hand","Leslie 2",2016,"Heteropoda venatoria","",21.3,"10/23/18","NS","FIELD"
"488","HEV83","Hasarius adansoni","Araneae",0,"Hand","Leslie 2",2016,"Heteropoda venatoria","",21.3,"10/23/18","NS","FIELD"
"489","HEV83","Isometrus maculatus","Scorpiones",0,"Hand","Leslie 2",2016,"Heteropoda venatoria","",21.3,"10/23/18","NS","FIELD"
"490","HEV83","Limonia perkinsi","Diptera",0,"Hand","Leslie 2",2016,"Heteropoda venatoria","",21.3,"10/23/18","NS","FIELD"
"491","HEV83","Nematocera","Diptera",0,"Hand","Leslie 2",2016,"Heteropoda venatoria","",21.3,"10/23/18","NS","FIELD"
"492","HEV83","Neoptera","",0,"Hand","Leslie 2",2016,"Heteropoda venatoria","",21.3,"10/23/18","NS","FIELD"
"493","HEV83","Ornebius novarae","Orthoptera",0,"Hand","Leslie 2",2016,"Heteropoda venatoria","",21.3,"10/23/18","NS","FIELD"
"494","HEV83","Orthocladiinae","Diptera",0,"Hand","Leslie 2",2016,"Heteropoda venatoria","",21.3,"10/23/18","NS","FIELD"
"495","HEV83","Oxya","Orthoptera",0,"Hand","Leslie 2",2016,"Heteropoda venatoria","",21.3,"10/23/18","NS","FIELD"
"496","HEV83","Pantala flavescens","Odonata",0,"Hand","Leslie 2",2016,"Heteropoda venatoria","",21.3,"10/23/18","NS","FIELD"
"497","HEV83","Periplaneta australasiae","Blattodea",4,"Hand","Leslie 2",2016,"Heteropoda venatoria","",21.3,"10/23/18","NS","FIELD"
"498","HEV83","Phisis holdhausi","Orthoptera",0,"Hand","Leslie 2",2016,"Heteropoda venatoria","",21.3,"10/23/18","NS","FIELD"
"499","HEV83","Pholcus guadarfia","Araneae",0,"Hand","Leslie 2",2016,"Heteropoda venatoria","",21.3,"10/23/18","NS","FIELD"
"500","HEV83","Pycnoscelus","Blattodea",0,"Hand","Leslie 2",2016,"Heteropoda venatoria","",21.3,"10/23/18","NS","FIELD"
"501","HEV83","Pycnoscelus surinamensis","Blattodea",0,"Hand","Leslie 2",2016,"Heteropoda venatoria","",21.3,"10/23/18","NS","FIELD"
"502","HEV83","Scholastes lonchifer","Diptera",0,"Hand","Leslie 2",2016,"Heteropoda venatoria","",21.3,"10/23/18","NS","FIELD"
"503","HEV83","Tygarrup javanicus","Geophilomorpha",0,"Hand","Leslie 2",2016,"Heteropoda venatoria","",21.3,"10/23/18","NS","FIELD"
"504","HEV83","Xiphydria","Hymenoptera",0,"Hand","Leslie 2",2016,"Heteropoda venatoria","",21.3,"10/23/18","NS","FIELD"
"505","HEV87","Anisolabis maritima","Dermaptera",0,"Hand","Leslie 8",2016,"Heteropoda venatoria","",16.3,"10/23/18","NS","FIELD"
"506","HEV87","Blattodea","Blattodea",0,"Hand","Leslie 8",2016,"Heteropoda venatoria","",16.3,"10/23/18","NS","FIELD"
"507","HEV87","Buthus mariefranceae","Scorpiones",0,"Hand","Leslie 8",2016,"Heteropoda venatoria","",16.3,"10/23/18","NS","FIELD"
"508","HEV87","Ectobiidae","Blattodea",0,"Hand","Leslie 8",2016,"Heteropoda venatoria","",16.3,"10/23/18","NS","FIELD"
"509","HEV87","Hasarius adansoni","Araneae",0,"Hand","Leslie 8",2016,"Heteropoda venatoria","",16.3,"10/23/18","NS","FIELD"
"510","HEV87","Isometrus maculatus","Scorpiones",0,"Hand","Leslie 8",2016,"Heteropoda venatoria","",16.3,"10/23/18","NS","FIELD"
"511","HEV87","Limonia perkinsi","Diptera",0,"Hand","Leslie 8",2016,"Heteropoda venatoria","",16.3,"10/23/18","NS","FIELD"
"512","HEV87","Nematocera","Diptera",0,"Hand","Leslie 8",2016,"Heteropoda venatoria","",16.3,"10/23/18","NS","FIELD"
"513","HEV87","Neoptera","",66,"Hand","Leslie 8",2016,"Heteropoda venatoria","",16.3,"10/23/18","NS","FIELD"
"514","HEV87","Ornebius novarae","Orthoptera",0,"Hand","Leslie 8",2016,"Heteropoda venatoria","",16.3,"10/23/18","NS","FIELD"
"515","HEV87","Orthocladiinae","Diptera",0,"Hand","Leslie 8",2016,"Heteropoda venatoria","",16.3,"10/23/18","NS","FIELD"
"516","HEV87","Oxya","Orthoptera",0,"Hand","Leslie 8",2016,"Heteropoda venatoria","",16.3,"10/23/18","NS","FIELD"
"517","HEV87","Pantala flavescens","Odonata",0,"Hand","Leslie 8",2016,"Heteropoda venatoria","",16.3,"10/23/18","NS","FIELD"
"518","HEV87","Periplaneta australasiae","Blattodea",0,"Hand","Leslie 8",2016,"Heteropoda venatoria","",16.3,"10/23/18","NS","FIELD"
"519","HEV87","Phisis holdhausi","Orthoptera",0,"Hand","Leslie 8",2016,"Heteropoda venatoria","",16.3,"10/23/18","NS","FIELD"
"520","HEV87","Pholcus guadarfia","Araneae",0,"Hand","Leslie 8",2016,"Heteropoda venatoria","",16.3,"10/23/18","NS","FIELD"
"521","HEV87","Pycnoscelus","Blattodea",0,"Hand","Leslie 8",2016,"Heteropoda venatoria","",16.3,"10/23/18","NS","FIELD"
"522","HEV87","Pycnoscelus surinamensis","Blattodea",0,"Hand","Leslie 8",2016,"Heteropoda venatoria","",16.3,"10/23/18","NS","FIELD"
"523","HEV87","Scholastes lonchifer","Diptera",0,"Hand","Leslie 8",2016,"Heteropoda venatoria","",16.3,"10/23/18","NS","FIELD"
"524","HEV87","Tygarrup javanicus","Geophilomorpha",0,"Hand","Leslie 8",2016,"Heteropoda venatoria","",16.3,"10/23/18","NS","FIELD"
"525","HEV87","Xiphydria","Hymenoptera",0,"Hand","Leslie 8",2016,"Heteropoda venatoria","",16.3,"10/23/18","NS","FIELD"
"526","HEV88","Anisolabis maritima","Dermaptera",0,"Hand","Leslie 4",2016,"Heteropoda venatoria","",20.1,"10/23/18","NS","FIELD"
"527","HEV88","Blattodea","Blattodea",0,"Hand","Leslie 4",2016,"Heteropoda venatoria","",20.1,"10/23/18","NS","FIELD"
"528","HEV88","Buthus mariefranceae","Scorpiones",0,"Hand","Leslie 4",2016,"Heteropoda venatoria","",20.1,"10/23/18","NS","FIELD"
"529","HEV88","Ectobiidae","Blattodea",0,"Hand","Leslie 4",2016,"Heteropoda venatoria","",20.1,"10/23/18","NS","FIELD"
"530","HEV88","Hasarius adansoni","Araneae",0,"Hand","Leslie 4",2016,"Heteropoda venatoria","",20.1,"10/23/18","NS","FIELD"
"531","HEV88","Isometrus maculatus","Scorpiones",0,"Hand","Leslie 4",2016,"Heteropoda venatoria","",20.1,"10/23/18","NS","FIELD"
"532","HEV88","Limonia perkinsi","Diptera",0,"Hand","Leslie 4",2016,"Heteropoda venatoria","",20.1,"10/23/18","NS","FIELD"
"533","HEV88","Nematocera","Diptera",0,"Hand","Leslie 4",2016,"Heteropoda venatoria","",20.1,"10/23/18","NS","FIELD"
"534","HEV88","Neoptera","",0,"Hand","Leslie 4",2016,"Heteropoda venatoria","",20.1,"10/23/18","NS","FIELD"
"535","HEV88","Ornebius novarae","Orthoptera",0,"Hand","Leslie 4",2016,"Heteropoda venatoria","",20.1,"10/23/18","NS","FIELD"
"536","HEV88","Orthocladiinae","Diptera",0,"Hand","Leslie 4",2016,"Heteropoda venatoria","",20.1,"10/23/18","NS","FIELD"
"537","HEV88","Oxya","Orthoptera",0,"Hand","Leslie 4",2016,"Heteropoda venatoria","",20.1,"10/23/18","NS","FIELD"
"538","HEV88","Pantala flavescens","Odonata",0,"Hand","Leslie 4",2016,"Heteropoda venatoria","",20.1,"10/23/18","NS","FIELD"
"539","HEV88","Periplaneta australasiae","Blattodea",0,"Hand","Leslie 4",2016,"Heteropoda venatoria","",20.1,"10/23/18","NS","FIELD"
"540","HEV88","Phisis holdhausi","Orthoptera",0,"Hand","Leslie 4",2016,"Heteropoda venatoria","",20.1,"10/23/18","NS","FIELD"
"541","HEV88","Pholcus guadarfia","Araneae",0,"Hand","Leslie 4",2016,"Heteropoda venatoria","",20.1,"10/23/18","NS","FIELD"
"542","HEV88","Pycnoscelus","Blattodea",0,"Hand","Leslie 4",2016,"Heteropoda venatoria","",20.1,"10/23/18","NS","FIELD"
"543","HEV88","Pycnoscelus surinamensis","Blattodea",0,"Hand","Leslie 4",2016,"Heteropoda venatoria","",20.1,"10/23/18","NS","FIELD"
"544","HEV88","Scholastes lonchifer","Diptera",0,"Hand","Leslie 4",2016,"Heteropoda venatoria","",20.1,"10/23/18","NS","FIELD"
"545","HEV88","Tygarrup javanicus","Geophilomorpha",0,"Hand","Leslie 4",2016,"Heteropoda venatoria","",20.1,"10/23/18","NS","FIELD"
"546","HEV88","Xiphydria","Hymenoptera",0,"Hand","Leslie 4",2016,"Heteropoda venatoria","",20.1,"10/23/18","NS","FIELD"
"547","HEV89","Anisolabis maritima","Dermaptera",0,"Hand","Leslie 1",2016,"Heteropoda venatoria","",23.8,"10/23/18","NS","FIELD"
"548","HEV89","Blattodea","Blattodea",0,"Hand","Leslie 1",2016,"Heteropoda venatoria","",23.8,"10/23/18","NS","FIELD"
"549","HEV89","Buthus mariefranceae","Scorpiones",0,"Hand","Leslie 1",2016,"Heteropoda venatoria","",23.8,"10/23/18","NS","FIELD"
"550","HEV89","Ectobiidae","Blattodea",0,"Hand","Leslie 1",2016,"Heteropoda venatoria","",23.8,"10/23/18","NS","FIELD"
"551","HEV89","Hasarius adansoni","Araneae",0,"Hand","Leslie 1",2016,"Heteropoda venatoria","",23.8,"10/23/18","NS","FIELD"
"552","HEV89","Isometrus maculatus","Scorpiones",0,"Hand","Leslie 1",2016,"Heteropoda venatoria","",23.8,"10/23/18","NS","FIELD"
"553","HEV89","Limonia perkinsi","Diptera",0,"Hand","Leslie 1",2016,"Heteropoda venatoria","",23.8,"10/23/18","NS","FIELD"
"554","HEV89","Nematocera","Diptera",0,"Hand","Leslie 1",2016,"Heteropoda venatoria","",23.8,"10/23/18","NS","FIELD"
"555","HEV89","Neoptera","",0,"Hand","Leslie 1",2016,"Heteropoda venatoria","",23.8,"10/23/18","NS","FIELD"
"556","HEV89","Ornebius novarae","Orthoptera",0,"Hand","Leslie 1",2016,"Heteropoda venatoria","",23.8,"10/23/18","NS","FIELD"
"557","HEV89","Orthocladiinae","Diptera",0,"Hand","Leslie 1",2016,"Heteropoda venatoria","",23.8,"10/23/18","NS","FIELD"
"558","HEV89","Oxya","Orthoptera",1,"Hand","Leslie 1",2016,"Heteropoda venatoria","",23.8,"10/23/18","NS","FIELD"
"559","HEV89","Pantala flavescens","Odonata",0,"Hand","Leslie 1",2016,"Heteropoda venatoria","",23.8,"10/23/18","NS","FIELD"
"560","HEV89","Periplaneta australasiae","Blattodea",0,"Hand","Leslie 1",2016,"Heteropoda venatoria","",23.8,"10/23/18","NS","FIELD"
"561","HEV89","Phisis holdhausi","Orthoptera",3,"Hand","Leslie 1",2016,"Heteropoda venatoria","",23.8,"10/23/18","NS","FIELD"
"562","HEV89","Pholcus guadarfia","Araneae",0,"Hand","Leslie 1",2016,"Heteropoda venatoria","",23.8,"10/23/18","NS","FIELD"
"563","HEV89","Pycnoscelus","Blattodea",0,"Hand","Leslie 1",2016,"Heteropoda venatoria","",23.8,"10/23/18","NS","FIELD"
"564","HEV89","Pycnoscelus surinamensis","Blattodea",0,"Hand","Leslie 1",2016,"Heteropoda venatoria","",23.8,"10/23/18","NS","FIELD"
"565","HEV89","Scholastes lonchifer","Diptera",0,"Hand","Leslie 1",2016,"Heteropoda venatoria","",23.8,"10/23/18","NS","FIELD"
"566","HEV89","Tygarrup javanicus","Geophilomorpha",0,"Hand","Leslie 1",2016,"Heteropoda venatoria","",23.8,"10/23/18","NS","FIELD"
"567","HEV89","Xiphydria","Hymenoptera",0,"Hand","Leslie 1",2016,"Heteropoda venatoria","",23.8,"10/23/18","NS","FIELD"
"568","HEV90","Anisolabis maritima","Dermaptera",0,"Hand","East 1",2015,"Heteropoda venatoria","",14.1,"10/28/19","SS","FIELD"
"569","HEV90","Blattodea","Blattodea",0,"Hand","East 1",2015,"Heteropoda venatoria","",14.1,"10/28/19","SS","FIELD"
"570","HEV90","Buthus mariefranceae","Scorpiones",0,"Hand","East 1",2015,"Heteropoda venatoria","",14.1,"10/28/19","SS","FIELD"
"571","HEV90","Ectobiidae","Blattodea",0,"Hand","East 1",2015,"Heteropoda venatoria","",14.1,"10/28/19","SS","FIELD"
"572","HEV90","Hasarius adansoni","Araneae",0,"Hand","East 1",2015,"Heteropoda venatoria","",14.1,"10/28/19","SS","FIELD"
"573","HEV90","Isometrus maculatus","Scorpiones",0,"Hand","East 1",2015,"Heteropoda venatoria","",14.1,"10/28/19","SS","FIELD"
"574","HEV90","Limonia perkinsi","Diptera",0,"Hand","East 1",2015,"Heteropoda venatoria","",14.1,"10/28/19","SS","FIELD"
"575","HEV90","Nematocera","Diptera",0,"Hand","East 1",2015,"Heteropoda venatoria","",14.1,"10/28/19","SS","FIELD"
"576","HEV90","Neoptera","",0,"Hand","East 1",2015,"Heteropoda venatoria","",14.1,"10/28/19","SS","FIELD"
"577","HEV90","Ornebius novarae","Orthoptera",0,"Hand","East 1",2015,"Heteropoda venatoria","",14.1,"10/28/19","SS","FIELD"
"578","HEV90","Orthocladiinae","Diptera",0,"Hand","East 1",2015,"Heteropoda venatoria","",14.1,"10/28/19","SS","FIELD"
"579","HEV90","Oxya","Orthoptera",0,"Hand","East 1",2015,"Heteropoda venatoria","",14.1,"10/28/19","SS","FIELD"
"580","HEV90","Pantala flavescens","Odonata",5,"Hand","East 1",2015,"Heteropoda venatoria","",14.1,"10/28/19","SS","FIELD"
"581","HEV90","Periplaneta australasiae","Blattodea",0,"Hand","East 1",2015,"Heteropoda venatoria","",14.1,"10/28/19","SS","FIELD"
"582","HEV90","Phisis holdhausi","Orthoptera",0,"Hand","East 1",2015,"Heteropoda venatoria","",14.1,"10/28/19","SS","FIELD"
"583","HEV90","Pholcus guadarfia","Araneae",0,"Hand","East 1",2015,"Heteropoda venatoria","",14.1,"10/28/19","SS","FIELD"
"584","HEV90","Pycnoscelus","Blattodea",0,"Hand","East 1",2015,"Heteropoda venatoria","",14.1,"10/28/19","SS","FIELD"
"585","HEV90","Pycnoscelus surinamensis","Blattodea",0,"Hand","East 1",2015,"Heteropoda venatoria","",14.1,"10/28/19","SS","FIELD"
"586","HEV90","Scholastes lonchifer","Diptera",0,"Hand","East 1",2015,"Heteropoda venatoria","",14.1,"10/28/19","SS","FIELD"
"587","HEV90","Tygarrup javanicus","Geophilomorpha",0,"Hand","East 1",2015,"Heteropoda venatoria","",14.1,"10/28/19","SS","FIELD"
"588","HEV90","Xiphydria","Hymenoptera",0,"Hand","East 1",2015,"Heteropoda venatoria","",14.1,"10/28/19","SS","FIELD"
"589","HEV91","Anisolabis maritima","Dermaptera",0,"Hand","East 2",2015,"Heteropoda venatoria","",17.5,"10/28/19","SS","FIELD"
"590","HEV91","Blattodea","Blattodea",0,"Hand","East 2",2015,"Heteropoda venatoria","",17.5,"10/28/19","SS","FIELD"
"591","HEV91","Buthus mariefranceae","Scorpiones",0,"Hand","East 2",2015,"Heteropoda venatoria","",17.5,"10/28/19","SS","FIELD"
"592","HEV91","Ectobiidae","Blattodea",0,"Hand","East 2",2015,"Heteropoda venatoria","",17.5,"10/28/19","SS","FIELD"
"593","HEV91","Hasarius adansoni","Araneae",0,"Hand","East 2",2015,"Heteropoda venatoria","",17.5,"10/28/19","SS","FIELD"
"594","HEV91","Isometrus maculatus","Scorpiones",0,"Hand","East 2",2015,"Heteropoda venatoria","",17.5,"10/28/19","SS","FIELD"
"595","HEV91","Limonia perkinsi","Diptera",0,"Hand","East 2",2015,"Heteropoda venatoria","",17.5,"10/28/19","SS","FIELD"
"596","HEV91","Nematocera","Diptera",0,"Hand","East 2",2015,"Heteropoda venatoria","",17.5,"10/28/19","SS","FIELD"
"597","HEV91","Neoptera","",0,"Hand","East 2",2015,"Heteropoda venatoria","",17.5,"10/28/19","SS","FIELD"
"598","HEV91","Ornebius novarae","Orthoptera",0,"Hand","East 2",2015,"Heteropoda venatoria","",17.5,"10/28/19","SS","FIELD"
"599","HEV91","Orthocladiinae","Diptera",0,"Hand","East 2",2015,"Heteropoda venatoria","",17.5,"10/28/19","SS","FIELD"
"600","HEV91","Oxya","Orthoptera",0,"Hand","East 2",2015,"Heteropoda venatoria","",17.5,"10/28/19","SS","FIELD"
"601","HEV91","Pantala flavescens","Odonata",0,"Hand","East 2",2015,"Heteropoda venatoria","",17.5,"10/28/19","SS","FIELD"
"602","HEV91","Periplaneta australasiae","Blattodea",0,"Hand","East 2",2015,"Heteropoda venatoria","",17.5,"10/28/19","SS","FIELD"
"603","HEV91","Phisis holdhausi","Orthoptera",0,"Hand","East 2",2015,"Heteropoda venatoria","",17.5,"10/28/19","SS","FIELD"
"604","HEV91","Pholcus guadarfia","Araneae",1,"Hand","East 2",2015,"Heteropoda venatoria","",17.5,"10/28/19","SS","FIELD"
"605","HEV91","Pycnoscelus","Blattodea",0,"Hand","East 2",2015,"Heteropoda venatoria","",17.5,"10/28/19","SS","FIELD"
"606","HEV91","Pycnoscelus surinamensis","Blattodea",0,"Hand","East 2",2015,"Heteropoda venatoria","",17.5,"10/28/19","SS","FIELD"
"607","HEV91","Scholastes lonchifer","Diptera",0,"Hand","East 2",2015,"Heteropoda venatoria","",17.5,"10/28/19","SS","FIELD"
"608","HEV91","Tygarrup javanicus","Geophilomorpha",0,"Hand","East 2",2015,"Heteropoda venatoria","",17.5,"10/28/19","SS","FIELD"
"609","HEV91","Xiphydria","Hymenoptera",0,"Hand","East 2",2015,"Heteropoda venatoria","",17.5,"10/28/19","SS","FIELD"
"610","HEV92","Anisolabis maritima","Dermaptera",2165,"Hand","East 3",2015,"Heteropoda venatoria","",20.5,"10/28/19","SS","FIELD"
"611","HEV92","Blattodea","Blattodea",0,"Hand","East 3",2015,"Heteropoda venatoria","",20.5,"10/28/19","SS","FIELD"
"612","HEV92","Buthus mariefranceae","Scorpiones",0,"Hand","East 3",2015,"Heteropoda venatoria","",20.5,"10/28/19","SS","FIELD"
"613","HEV92","Ectobiidae","Blattodea",0,"Hand","East 3",2015,"Heteropoda venatoria","",20.5,"10/28/19","SS","FIELD"
"614","HEV92","Hasarius adansoni","Araneae",357,"Hand","East 3",2015,"Heteropoda venatoria","",20.5,"10/28/19","SS","FIELD"
"615","HEV92","Isometrus maculatus","Scorpiones",0,"Hand","East 3",2015,"Heteropoda venatoria","",20.5,"10/28/19","SS","FIELD"
"616","HEV92","Limonia perkinsi","Diptera",0,"Hand","East 3",2015,"Heteropoda venatoria","",20.5,"10/28/19","SS","FIELD"
"617","HEV92","Nematocera","Diptera",0,"Hand","East 3",2015,"Heteropoda venatoria","",20.5,"10/28/19","SS","FIELD"
"618","HEV92","Neoptera","",0,"Hand","East 3",2015,"Heteropoda venatoria","",20.5,"10/28/19","SS","FIELD"
"619","HEV92","Ornebius novarae","Orthoptera",0,"Hand","East 3",2015,"Heteropoda venatoria","",20.5,"10/28/19","SS","FIELD"
"620","HEV92","Orthocladiinae","Diptera",0,"Hand","East 3",2015,"Heteropoda venatoria","",20.5,"10/28/19","SS","FIELD"
"621","HEV92","Oxya","Orthoptera",0,"Hand","East 3",2015,"Heteropoda venatoria","",20.5,"10/28/19","SS","FIELD"
"622","HEV92","Pantala flavescens","Odonata",0,"Hand","East 3",2015,"Heteropoda venatoria","",20.5,"10/28/19","SS","FIELD"
"623","HEV92","Periplaneta australasiae","Blattodea",0,"Hand","East 3",2015,"Heteropoda venatoria","",20.5,"10/28/19","SS","FIELD"
"624","HEV92","Phisis holdhausi","Orthoptera",0,"Hand","East 3",2015,"Heteropoda venatoria","",20.5,"10/28/19","SS","FIELD"
"625","HEV92","Pholcus guadarfia","Araneae",0,"Hand","East 3",2015,"Heteropoda venatoria","",20.5,"10/28/19","SS","FIELD"
"626","HEV92","Pycnoscelus","Blattodea",285,"Hand","East 3",2015,"Heteropoda venatoria","",20.5,"10/28/19","SS","FIELD"
"627","HEV92","Pycnoscelus surinamensis","Blattodea",0,"Hand","East 3",2015,"Heteropoda venatoria","",20.5,"10/28/19","SS","FIELD"
"628","HEV92","Scholastes lonchifer","Diptera",0,"Hand","East 3",2015,"Heteropoda venatoria","",20.5,"10/28/19","SS","FIELD"
"629","HEV92","Tygarrup javanicus","Geophilomorpha",0,"Hand","East 3",2015,"Heteropoda venatoria","",20.5,"10/28/19","SS","FIELD"
"630","HEV92","Xiphydria","Hymenoptera",0,"Hand","East 3",2015,"Heteropoda venatoria","",20.5,"10/28/19","SS","FIELD"
"631","HEV93","Anisolabis maritima","Dermaptera",3,"Hand","East 4",2015,"Heteropoda venatoria","",10.2,"10/28/19","SS","FIELD"
"632","HEV93","Blattodea","Blattodea",0,"Hand","East 4",2015,"Heteropoda venatoria","",10.2,"10/28/19","SS","FIELD"
"633","HEV93","Buthus mariefranceae","Scorpiones",0,"Hand","East 4",2015,"Heteropoda venatoria","",10.2,"10/28/19","SS","FIELD"
"634","HEV93","Ectobiidae","Blattodea",0,"Hand","East 4",2015,"Heteropoda venatoria","",10.2,"10/28/19","SS","FIELD"
"635","HEV93","Hasarius adansoni","Araneae",0,"Hand","East 4",2015,"Heteropoda venatoria","",10.2,"10/28/19","SS","FIELD"
"636","HEV93","Isometrus maculatus","Scorpiones",2,"Hand","East 4",2015,"Heteropoda venatoria","",10.2,"10/28/19","SS","FIELD"
"637","HEV93","Limonia perkinsi","Diptera",0,"Hand","East 4",2015,"Heteropoda venatoria","",10.2,"10/28/19","SS","FIELD"
"638","HEV93","Nematocera","Diptera",0,"Hand","East 4",2015,"Heteropoda venatoria","",10.2,"10/28/19","SS","FIELD"
"639","HEV93","Neoptera","",0,"Hand","East 4",2015,"Heteropoda venatoria","",10.2,"10/28/19","SS","FIELD"
"640","HEV93","Ornebius novarae","Orthoptera",0,"Hand","East 4",2015,"Heteropoda venatoria","",10.2,"10/28/19","SS","FIELD"
"641","HEV93","Orthocladiinae","Diptera",0,"Hand","East 4",2015,"Heteropoda venatoria","",10.2,"10/28/19","SS","FIELD"
"642","HEV93","Oxya","Orthoptera",0,"Hand","East 4",2015,"Heteropoda venatoria","",10.2,"10/28/19","SS","FIELD"
"643","HEV93","Pantala flavescens","Odonata",0,"Hand","East 4",2015,"Heteropoda venatoria","",10.2,"10/28/19","SS","FIELD"
"644","HEV93","Periplaneta australasiae","Blattodea",0,"Hand","East 4",2015,"Heteropoda venatoria","",10.2,"10/28/19","SS","FIELD"
"645","HEV93","Phisis holdhausi","Orthoptera",17,"Hand","East 4",2015,"Heteropoda venatoria","",10.2,"10/28/19","SS","FIELD"
"646","HEV93","Pholcus guadarfia","Araneae",0,"Hand","East 4",2015,"Heteropoda venatoria","",10.2,"10/28/19","SS","FIELD"
"647","HEV93","Pycnoscelus","Blattodea",0,"Hand","East 4",2015,"Heteropoda venatoria","",10.2,"10/28/19","SS","FIELD"
"648","HEV93","Pycnoscelus surinamensis","Blattodea",0,"Hand","East 4",2015,"Heteropoda venatoria","",10.2,"10/28/19","SS","FIELD"
"649","HEV93","Scholastes lonchifer","Diptera",0,"Hand","East 4",2015,"Heteropoda venatoria","",10.2,"10/28/19","SS","FIELD"
"650","HEV93","Tygarrup javanicus","Geophilomorpha",25,"Hand","East 4",2015,"Heteropoda venatoria","",10.2,"10/28/19","SS","FIELD"
"651","HEV93","Xiphydria","Hymenoptera",0,"Hand","East 4",2015,"Heteropoda venatoria","",10.2,"10/28/19","SS","FIELD"
"652","HEV94","Anisolabis maritima","Dermaptera",0,"Hand","East 5",2015,"Heteropoda venatoria","",14.5,"10/28/19","SS","FIELD"
"653","HEV94","Blattodea","Blattodea",0,"Hand","East 5",2015,"Heteropoda venatoria","",14.5,"10/28/19","SS","FIELD"
"654","HEV94","Buthus mariefranceae","Scorpiones",0,"Hand","East 5",2015,"Heteropoda venatoria","",14.5,"10/28/19","SS","FIELD"
"655","HEV94","Ectobiidae","Blattodea",0,"Hand","East 5",2015,"Heteropoda venatoria","",14.5,"10/28/19","SS","FIELD"
"656","HEV94","Hasarius adansoni","Araneae",1,"Hand","East 5",2015,"Heteropoda venatoria","",14.5,"10/28/19","SS","FIELD"
"657","HEV94","Isometrus maculatus","Scorpiones",1,"Hand","East 5",2015,"Heteropoda venatoria","",14.5,"10/28/19","SS","FIELD"
"658","HEV94","Limonia perkinsi","Diptera",0,"Hand","East 5",2015,"Heteropoda venatoria","",14.5,"10/28/19","SS","FIELD"
"659","HEV94","Nematocera","Diptera",0,"Hand","East 5",2015,"Heteropoda venatoria","",14.5,"10/28/19","SS","FIELD"
"660","HEV94","Neoptera","",5,"Hand","East 5",2015,"Heteropoda venatoria","",14.5,"10/28/19","SS","FIELD"
"661","HEV94","Ornebius novarae","Orthoptera",0,"Hand","East 5",2015,"Heteropoda venatoria","",14.5,"10/28/19","SS","FIELD"
"662","HEV94","Orthocladiinae","Diptera",0,"Hand","East 5",2015,"Heteropoda venatoria","",14.5,"10/28/19","SS","FIELD"
"663","HEV94","Oxya","Orthoptera",0,"Hand","East 5",2015,"Heteropoda venatoria","",14.5,"10/28/19","SS","FIELD"
"664","HEV94","Pantala flavescens","Odonata",0,"Hand","East 5",2015,"Heteropoda venatoria","",14.5,"10/28/19","SS","FIELD"
"665","HEV94","Periplaneta australasiae","Blattodea",0,"Hand","East 5",2015,"Heteropoda venatoria","",14.5,"10/28/19","SS","FIELD"
"666","HEV94","Phisis holdhausi","Orthoptera",0,"Hand","East 5",2015,"Heteropoda venatoria","",14.5,"10/28/19","SS","FIELD"
"667","HEV94","Pholcus guadarfia","Araneae",0,"Hand","East 5",2015,"Heteropoda venatoria","",14.5,"10/28/19","SS","FIELD"
"668","HEV94","Pycnoscelus","Blattodea",0,"Hand","East 5",2015,"Heteropoda venatoria","",14.5,"10/28/19","SS","FIELD"
"669","HEV94","Pycnoscelus surinamensis","Blattodea",0,"Hand","East 5",2015,"Heteropoda venatoria","",14.5,"10/28/19","SS","FIELD"
"670","HEV94","Scholastes lonchifer","Diptera",0,"Hand","East 5",2015,"Heteropoda venatoria","",14.5,"10/28/19","SS","FIELD"
"671","HEV94","Tygarrup javanicus","Geophilomorpha",0,"Hand","East 5",2015,"Heteropoda venatoria","",14.5,"10/28/19","SS","FIELD"
"672","HEV94","Xiphydria","Hymenoptera",0,"Hand","East 5",2015,"Heteropoda venatoria","",14.5,"10/28/19","SS","FIELD"
"673","HEV95","Anisolabis maritima","Dermaptera",31,"Hand","East 6",2015,"Heteropoda venatoria","",13.4,"10/28/19","NS","FIELD"
"674","HEV95","Blattodea","Blattodea",0,"Hand","East 6",2015,"Heteropoda venatoria","",13.4,"10/28/19","NS","FIELD"
"675","HEV95","Buthus mariefranceae","Scorpiones",0,"Hand","East 6",2015,"Heteropoda venatoria","",13.4,"10/28/19","NS","FIELD"
"676","HEV95","Ectobiidae","Blattodea",0,"Hand","East 6",2015,"Heteropoda venatoria","",13.4,"10/28/19","NS","FIELD"
"677","HEV95","Hasarius adansoni","Araneae",0,"Hand","East 6",2015,"Heteropoda venatoria","",13.4,"10/28/19","NS","FIELD"
"678","HEV95","Isometrus maculatus","Scorpiones",0,"Hand","East 6",2015,"Heteropoda venatoria","",13.4,"10/28/19","NS","FIELD"
"679","HEV95","Limonia perkinsi","Diptera",0,"Hand","East 6",2015,"Heteropoda venatoria","",13.4,"10/28/19","NS","FIELD"
"680","HEV95","Nematocera","Diptera",0,"Hand","East 6",2015,"Heteropoda venatoria","",13.4,"10/28/19","NS","FIELD"
"681","HEV95","Neoptera","",5,"Hand","East 6",2015,"Heteropoda venatoria","",13.4,"10/28/19","NS","FIELD"
"682","HEV95","Ornebius novarae","Orthoptera",0,"Hand","East 6",2015,"Heteropoda venatoria","",13.4,"10/28/19","NS","FIELD"
"683","HEV95","Orthocladiinae","Diptera",5,"Hand","East 6",2015,"Heteropoda venatoria","",13.4,"10/28/19","NS","FIELD"
"684","HEV95","Oxya","Orthoptera",0,"Hand","East 6",2015,"Heteropoda venatoria","",13.4,"10/28/19","NS","FIELD"
"685","HEV95","Pantala flavescens","Odonata",0,"Hand","East 6",2015,"Heteropoda venatoria","",13.4,"10/28/19","NS","FIELD"
"686","HEV95","Periplaneta australasiae","Blattodea",0,"Hand","East 6",2015,"Heteropoda venatoria","",13.4,"10/28/19","NS","FIELD"
"687","HEV95","Phisis holdhausi","Orthoptera",0,"Hand","East 6",2015,"Heteropoda venatoria","",13.4,"10/28/19","NS","FIELD"
"688","HEV95","Pholcus guadarfia","Araneae",0,"Hand","East 6",2015,"Heteropoda venatoria","",13.4,"10/28/19","NS","FIELD"
"689","HEV95","Pycnoscelus","Blattodea",0,"Hand","East 6",2015,"Heteropoda venatoria","",13.4,"10/28/19","NS","FIELD"
"690","HEV95","Pycnoscelus surinamensis","Blattodea",0,"Hand","East 6",2015,"Heteropoda venatoria","",13.4,"10/28/19","NS","FIELD"
"691","HEV95","Scholastes lonchifer","Diptera",0,"Hand","East 6",2015,"Heteropoda venatoria","",13.4,"10/28/19","NS","FIELD"
"692","HEV95","Tygarrup javanicus","Geophilomorpha",0,"Hand","East 6",2015,"Heteropoda venatoria","",13.4,"10/28/19","NS","FIELD"
"693","HEV95","Xiphydria","Hymenoptera",0,"Hand","East 6",2015,"Heteropoda venatoria","",13.4,"10/28/19","NS","FIELD"
"694","HEV96","Anisolabis maritima","Dermaptera",79,"Hand","East 7",2015,"Heteropoda venatoria","",15.9,"10/28/19","NS","FIELD"
"695","HEV96","Blattodea","Blattodea",0,"Hand","East 7",2015,"Heteropoda venatoria","",15.9,"10/28/19","NS","FIELD"
"696","HEV96","Buthus mariefranceae","Scorpiones",0,"Hand","East 7",2015,"Heteropoda venatoria","",15.9,"10/28/19","NS","FIELD"
"697","HEV96","Ectobiidae","Blattodea",0,"Hand","East 7",2015,"Heteropoda venatoria","",15.9,"10/28/19","NS","FIELD"
"698","HEV96","Hasarius adansoni","Araneae",0,"Hand","East 7",2015,"Heteropoda venatoria","",15.9,"10/28/19","NS","FIELD"
"699","HEV96","Isometrus maculatus","Scorpiones",1,"Hand","East 7",2015,"Heteropoda venatoria","",15.9,"10/28/19","NS","FIELD"
"700","HEV96","Limonia perkinsi","Diptera",0,"Hand","East 7",2015,"Heteropoda venatoria","",15.9,"10/28/19","NS","FIELD"
"701","HEV96","Nematocera","Diptera",0,"Hand","East 7",2015,"Heteropoda venatoria","",15.9,"10/28/19","NS","FIELD"
"702","HEV96","Neoptera","",38,"Hand","East 7",2015,"Heteropoda venatoria","",15.9,"10/28/19","NS","FIELD"
"703","HEV96","Ornebius novarae","Orthoptera",0,"Hand","East 7",2015,"Heteropoda venatoria","",15.9,"10/28/19","NS","FIELD"
"704","HEV96","Orthocladiinae","Diptera",0,"Hand","East 7",2015,"Heteropoda venatoria","",15.9,"10/28/19","NS","FIELD"
"705","HEV96","Oxya","Orthoptera",0,"Hand","East 7",2015,"Heteropoda venatoria","",15.9,"10/28/19","NS","FIELD"
"706","HEV96","Pantala flavescens","Odonata",0,"Hand","East 7",2015,"Heteropoda venatoria","",15.9,"10/28/19","NS","FIELD"
"707","HEV96","Periplaneta australasiae","Blattodea",0,"Hand","East 7",2015,"Heteropoda venatoria","",15.9,"10/28/19","NS","FIELD"
"708","HEV96","Phisis holdhausi","Orthoptera",0,"Hand","East 7",2015,"Heteropoda venatoria","",15.9,"10/28/19","NS","FIELD"
"709","HEV96","Pholcus guadarfia","Araneae",0,"Hand","East 7",2015,"Heteropoda venatoria","",15.9,"10/28/19","NS","FIELD"
"710","HEV96","Pycnoscelus","Blattodea",0,"Hand","East 7",2015,"Heteropoda venatoria","",15.9,"10/28/19","NS","FIELD"
"711","HEV96","Pycnoscelus surinamensis","Blattodea",0,"Hand","East 7",2015,"Heteropoda venatoria","",15.9,"10/28/19","NS","FIELD"
"712","HEV96","Scholastes lonchifer","Diptera",54,"Hand","East 7",2015,"Heteropoda venatoria","",15.9,"10/28/19","NS","FIELD"
"713","HEV96","Tygarrup javanicus","Geophilomorpha",25,"Hand","East 7",2015,"Heteropoda venatoria","",15.9,"10/28/19","NS","FIELD"
"714","HEV96","Xiphydria","Hymenoptera",0,"Hand","East 7",2015,"Heteropoda venatoria","",15.9,"10/28/19","NS","FIELD"
"715","HEV97","Anisolabis maritima","Dermaptera",1,"Hand","East 8",2015,"Heteropoda venatoria","",14.5,"10/28/19","NS","FIELD"
"716","HEV97","Blattodea","Blattodea",0,"Hand","East 8",2015,"Heteropoda venatoria","",14.5,"10/28/19","NS","FIELD"
"717","HEV97","Buthus mariefranceae","Scorpiones",0,"Hand","East 8",2015,"Heteropoda venatoria","",14.5,"10/28/19","NS","FIELD"
"718","HEV97","Ectobiidae","Blattodea",0,"Hand","East 8",2015,"Heteropoda venatoria","",14.5,"10/28/19","NS","FIELD"
"719","HEV97","Hasarius adansoni","Araneae",0,"Hand","East 8",2015,"Heteropoda venatoria","",14.5,"10/28/19","NS","FIELD"
"720","HEV97","Isometrus maculatus","Scorpiones",0,"Hand","East 8",2015,"Heteropoda venatoria","",14.5,"10/28/19","NS","FIELD"
"721","HEV97","Limonia perkinsi","Diptera",0,"Hand","East 8",2015,"Heteropoda venatoria","",14.5,"10/28/19","NS","FIELD"
"722","HEV97","Nematocera","Diptera",0,"Hand","East 8",2015,"Heteropoda venatoria","",14.5,"10/28/19","NS","FIELD"
"723","HEV97","Neoptera","",0,"Hand","East 8",2015,"Heteropoda venatoria","",14.5,"10/28/19","NS","FIELD"
"724","HEV97","Ornebius novarae","Orthoptera",0,"Hand","East 8",2015,"Heteropoda venatoria","",14.5,"10/28/19","NS","FIELD"
"725","HEV97","Orthocladiinae","Diptera",0,"Hand","East 8",2015,"Heteropoda venatoria","",14.5,"10/28/19","NS","FIELD"
"726","HEV97","Oxya","Orthoptera",0,"Hand","East 8",2015,"Heteropoda venatoria","",14.5,"10/28/19","NS","FIELD"
"727","HEV97","Pantala flavescens","Odonata",0,"Hand","East 8",2015,"Heteropoda venatoria","",14.5,"10/28/19","NS","FIELD"
"728","HEV97","Periplaneta australasiae","Blattodea",0,"Hand","East 8",2015,"Heteropoda venatoria","",14.5,"10/28/19","NS","FIELD"
"729","HEV97","Phisis holdhausi","Orthoptera",0,"Hand","East 8",2015,"Heteropoda venatoria","",14.5,"10/28/19","NS","FIELD"
"730","HEV97","Pholcus guadarfia","Araneae",0,"Hand","East 8",2015,"Heteropoda venatoria","",14.5,"10/28/19","NS","FIELD"
"731","HEV97","Pycnoscelus","Blattodea",0,"Hand","East 8",2015,"Heteropoda venatoria","",14.5,"10/28/19","NS","FIELD"
"732","HEV97","Pycnoscelus surinamensis","Blattodea",0,"Hand","East 8",2015,"Heteropoda venatoria","",14.5,"10/28/19","NS","FIELD"
"733","HEV97","Scholastes lonchifer","Diptera",0,"Hand","East 8",2015,"Heteropoda venatoria","",14.5,"10/28/19","NS","FIELD"
"734","HEV97","Tygarrup javanicus","Geophilomorpha",0,"Hand","East 8",2015,"Heteropoda venatoria","",14.5,"10/28/19","NS","FIELD"
"735","HEV97","Xiphydria","Hymenoptera",0,"Hand","East 8",2015,"Heteropoda venatoria","",14.5,"10/28/19","NS","FIELD"
"736","HEV98","Anisolabis maritima","Dermaptera",0,"Hand","East 9",2015,"Heteropoda venatoria","",22.2,"10/28/19","NS","FIELD"
"737","HEV98","Blattodea","Blattodea",0,"Hand","East 9",2015,"Heteropoda venatoria","",22.2,"10/28/19","NS","FIELD"
"738","HEV98","Buthus mariefranceae","Scorpiones",0,"Hand","East 9",2015,"Heteropoda venatoria","",22.2,"10/28/19","NS","FIELD"
"739","HEV98","Ectobiidae","Blattodea",0,"Hand","East 9",2015,"Heteropoda venatoria","",22.2,"10/28/19","NS","FIELD"
"740","HEV98","Hasarius adansoni","Araneae",0,"Hand","East 9",2015,"Heteropoda venatoria","",22.2,"10/28/19","NS","FIELD"
"741","HEV98","Isometrus maculatus","Scorpiones",0,"Hand","East 9",2015,"Heteropoda venatoria","",22.2,"10/28/19","NS","FIELD"
"742","HEV98","Limonia perkinsi","Diptera",0,"Hand","East 9",2015,"Heteropoda venatoria","",22.2,"10/28/19","NS","FIELD"
"743","HEV98","Nematocera","Diptera",0,"Hand","East 9",2015,"Heteropoda venatoria","",22.2,"10/28/19","NS","FIELD"
"744","HEV98","Neoptera","",44,"Hand","East 9",2015,"Heteropoda venatoria","",22.2,"10/28/19","NS","FIELD"
"745","HEV98","Ornebius novarae","Orthoptera",0,"Hand","East 9",2015,"Heteropoda venatoria","",22.2,"10/28/19","NS","FIELD"
"746","HEV98","Orthocladiinae","Diptera",0,"Hand","East 9",2015,"Heteropoda venatoria","",22.2,"10/28/19","NS","FIELD"
"747","HEV98","Oxya","Orthoptera",0,"Hand","East 9",2015,"Heteropoda venatoria","",22.2,"10/28/19","NS","FIELD"
"748","HEV98","Pantala flavescens","Odonata",0,"Hand","East 9",2015,"Heteropoda venatoria","",22.2,"10/28/19","NS","FIELD"
"749","HEV98","Periplaneta australasiae","Blattodea",112,"Hand","East 9",2015,"Heteropoda venatoria","",22.2,"10/28/19","NS","FIELD"
"750","HEV98","Phisis holdhausi","Orthoptera",12,"Hand","East 9",2015,"Heteropoda venatoria","",22.2,"10/28/19","NS","FIELD"
"751","HEV98","Pholcus guadarfia","Araneae",0,"Hand","East 9",2015,"Heteropoda venatoria","",22.2,"10/28/19","NS","FIELD"
"752","HEV98","Pycnoscelus","Blattodea",0,"Hand","East 9",2015,"Heteropoda venatoria","",22.2,"10/28/19","NS","FIELD"
"753","HEV98","Pycnoscelus surinamensis","Blattodea",0,"Hand","East 9",2015,"Heteropoda venatoria","",22.2,"10/28/19","NS","FIELD"
"754","HEV98","Scholastes lonchifer","Diptera",1,"Hand","East 9",2015,"Heteropoda venatoria","",22.2,"10/28/19","NS","FIELD"
"755","HEV98","Tygarrup javanicus","Geophilomorpha",0,"Hand","East 9",2015,"Heteropoda venatoria","",22.2,"10/28/19","NS","FIELD"
"756","HEV98","Xiphydria","Hymenoptera",7,"Hand","East 9",2015,"Heteropoda venatoria","",22.2,"10/28/19","NS","FIELD"
"757","HEV99","Anisolabis maritima","Dermaptera",0,"Hand","East 10",2015,"Heteropoda venatoria","",20.1,"10/28/19","NS","FIELD"
"758","HEV99","Blattodea","Blattodea",0,"Hand","East 10",2015,"Heteropoda venatoria","",20.1,"10/28/19","NS","FIELD"
"759","HEV99","Buthus mariefranceae","Scorpiones",0,"Hand","East 10",2015,"Heteropoda venatoria","",20.1,"10/28/19","NS","FIELD"
"760","HEV99","Ectobiidae","Blattodea",0,"Hand","East 10",2015,"Heteropoda venatoria","",20.1,"10/28/19","NS","FIELD"
"761","HEV99","Hasarius adansoni","Araneae",0,"Hand","East 10",2015,"Heteropoda venatoria","",20.1,"10/28/19","NS","FIELD"
"762","HEV99","Isometrus maculatus","Scorpiones",0,"Hand","East 10",2015,"Heteropoda venatoria","",20.1,"10/28/19","NS","FIELD"
"763","HEV99","Limonia perkinsi","Diptera",0,"Hand","East 10",2015,"Heteropoda venatoria","",20.1,"10/28/19","NS","FIELD"
"764","HEV99","Nematocera","Diptera",0,"Hand","East 10",2015,"Heteropoda venatoria","",20.1,"10/28/19","NS","FIELD"
"765","HEV99","Neoptera","",0,"Hand","East 10",2015,"Heteropoda venatoria","",20.1,"10/28/19","NS","FIELD"
"766","HEV99","Ornebius novarae","Orthoptera",0,"Hand","East 10",2015,"Heteropoda venatoria","",20.1,"10/28/19","NS","FIELD"
"767","HEV99","Orthocladiinae","Diptera",0,"Hand","East 10",2015,"Heteropoda venatoria","",20.1,"10/28/19","NS","FIELD"
"768","HEV99","Oxya","Orthoptera",0,"Hand","East 10",2015,"Heteropoda venatoria","",20.1,"10/28/19","NS","FIELD"
"769","HEV99","Pantala flavescens","Odonata",0,"Hand","East 10",2015,"Heteropoda venatoria","",20.1,"10/28/19","NS","FIELD"
"770","HEV99","Periplaneta australasiae","Blattodea",0,"Hand","East 10",2015,"Heteropoda venatoria","",20.1,"10/28/19","NS","FIELD"
"771","HEV99","Phisis holdhausi","Orthoptera",0,"Hand","East 10",2015,"Heteropoda venatoria","",20.1,"10/28/19","NS","FIELD"
"772","HEV99","Pholcus guadarfia","Araneae",0,"Hand","East 10",2015,"Heteropoda venatoria","",20.1,"10/28/19","NS","FIELD"
"773","HEV99","Pycnoscelus","Blattodea",0,"Hand","East 10",2015,"Heteropoda venatoria","",20.1,"10/28/19","NS","FIELD"
"774","HEV99","Pycnoscelus surinamensis","Blattodea",0,"Hand","East 10",2015,"Heteropoda venatoria","",20.1,"10/28/19","NS","FIELD"
"775","HEV99","Scholastes lonchifer","Diptera",1,"Hand","East 10",2015,"Heteropoda venatoria","",20.1,"10/28/19","NS","FIELD"
"776","HEV99","Tygarrup javanicus","Geophilomorpha",0,"Hand","East 10",2015,"Heteropoda venatoria","",20.1,"10/28/19","NS","FIELD"
"777","HEV99","Xiphydria","Hymenoptera",0,"Hand","East 10",2015,"Heteropoda venatoria","",20.1,"10/28/19","NS","FIELD"
