"","sample","Family_ncbi","Order_ncbi","reads","Method","Island","Year","ID","Date.Collected","Size","Extract..Date","Sterilized","Source"
"1","HEV100","Acrididae","Orthoptera",0,"Hand","East 11",2015,"Heteropoda venatoria","",16.7,"10/28/19","NS","FIELD"
"2","HEV100","Anisolabididae","Dermaptera",1,"Hand","East 11",2015,"Heteropoda venatoria","",16.7,"10/28/19","NS","FIELD"
"3","HEV100","Blaberidae","Blattodea",0,"Hand","East 11",2015,"Heteropoda venatoria","",16.7,"10/28/19","NS","FIELD"
"4","HEV100","Blattidae","Blattodea",0,"Hand","East 11",2015,"Heteropoda venatoria","",16.7,"10/28/19","NS","FIELD"
"5","HEV100","Bombyliidae","Diptera",0,"Hand","East 11",2015,"Heteropoda venatoria","",16.7,"10/28/19","NS","FIELD"
"6","HEV100","Buthidae","Scorpiones",0,"Hand","East 11",2015,"Heteropoda venatoria","",16.7,"10/28/19","NS","FIELD"
"7","HEV100","Chironomidae","Diptera",0,"Hand","East 11",2015,"Heteropoda venatoria","",16.7,"10/28/19","NS","FIELD"
"8","HEV100","Culicidae","Diptera",0,"Hand","East 11",2015,"Heteropoda venatoria","",16.7,"10/28/19","NS","FIELD"
"9","HEV100","Ectobiidae","Blattodea",0,"Hand","East 11",2015,"Heteropoda venatoria","",16.7,"10/28/19","NS","FIELD"
"10","HEV100","Libellulidae","Odonata",0,"Hand","East 11",2015,"Heteropoda venatoria","",16.7,"10/28/19","NS","FIELD"
"11","HEV100","Limoniidae","Diptera",0,"Hand","East 11",2015,"Heteropoda venatoria","",16.7,"10/28/19","NS","FIELD"
"12","HEV100","Mecistocephalidae","Geophilomorpha",0,"Hand","East 11",2015,"Heteropoda venatoria","",16.7,"10/28/19","NS","FIELD"
"13","HEV100","Mogoplistidae","Orthoptera",0,"Hand","East 11",2015,"Heteropoda venatoria","",16.7,"10/28/19","NS","FIELD"
"14","HEV100","Neptuculidae","Lepidoptera",1,"Hand","East 11",2015,"Heteropoda venatoria","",16.7,"10/28/19","NS","FIELD"
"15","HEV100","Oecophoridae","Lepidoptera",0,"Hand","East 11",2015,"Heteropoda venatoria","",16.7,"10/28/19","NS","FIELD"
"16","HEV100","Pholcidae","Araneae",0,"Hand","East 11",2015,"Heteropoda venatoria","",16.7,"10/28/19","NS","FIELD"
"17","HEV100","Platystomatidae","Diptera",46,"Hand","East 11",2015,"Heteropoda venatoria","",16.7,"10/28/19","NS","FIELD"
"18","HEV100","Salticidae","Araneae",0,"Hand","East 11",2015,"Heteropoda venatoria","",16.7,"10/28/19","NS","FIELD"
"19","HEV100","Tettigoniidae","Orthoptera",0,"Hand","East 11",2015,"Heteropoda venatoria","",16.7,"10/28/19","NS","FIELD"
"20","HEV100","Xiphydriidae","Hymenoptera",0,"Hand","East 11",2015,"Heteropoda venatoria","",16.7,"10/28/19","NS","FIELD"
"21","HEV101","Acrididae","Orthoptera",0,"Hand","Holei 1",2015,"Heteropoda venatoria","",16.7,"10/28/19","SS","FIELD"
"22","HEV101","Anisolabididae","Dermaptera",1,"Hand","Holei 1",2015,"Heteropoda venatoria","",16.7,"10/28/19","SS","FIELD"
"23","HEV101","Blaberidae","Blattodea",0,"Hand","Holei 1",2015,"Heteropoda venatoria","",16.7,"10/28/19","SS","FIELD"
"24","HEV101","Blattidae","Blattodea",0,"Hand","Holei 1",2015,"Heteropoda venatoria","",16.7,"10/28/19","SS","FIELD"
"25","HEV101","Bombyliidae","Diptera",0,"Hand","Holei 1",2015,"Heteropoda venatoria","",16.7,"10/28/19","SS","FIELD"
"26","HEV101","Buthidae","Scorpiones",0,"Hand","Holei 1",2015,"Heteropoda venatoria","",16.7,"10/28/19","SS","FIELD"
"27","HEV101","Chironomidae","Diptera",0,"Hand","Holei 1",2015,"Heteropoda venatoria","",16.7,"10/28/19","SS","FIELD"
"28","HEV101","Culicidae","Diptera",0,"Hand","Holei 1",2015,"Heteropoda venatoria","",16.7,"10/28/19","SS","FIELD"
"29","HEV101","Ectobiidae","Blattodea",0,"Hand","Holei 1",2015,"Heteropoda venatoria","",16.7,"10/28/19","SS","FIELD"
"30","HEV101","Libellulidae","Odonata",0,"Hand","Holei 1",2015,"Heteropoda venatoria","",16.7,"10/28/19","SS","FIELD"
"31","HEV101","Limoniidae","Diptera",0,"Hand","Holei 1",2015,"Heteropoda venatoria","",16.7,"10/28/19","SS","FIELD"
"32","HEV101","Mecistocephalidae","Geophilomorpha",0,"Hand","Holei 1",2015,"Heteropoda venatoria","",16.7,"10/28/19","SS","FIELD"
"33","HEV101","Mogoplistidae","Orthoptera",0,"Hand","Holei 1",2015,"Heteropoda venatoria","",16.7,"10/28/19","SS","FIELD"
"34","HEV101","Neptuculidae","Lepidoptera",14,"Hand","Holei 1",2015,"Heteropoda venatoria","",16.7,"10/28/19","SS","FIELD"
"35","HEV101","Oecophoridae","Lepidoptera",0,"Hand","Holei 1",2015,"Heteropoda venatoria","",16.7,"10/28/19","SS","FIELD"
"36","HEV101","Pholcidae","Araneae",0,"Hand","Holei 1",2015,"Heteropoda venatoria","",16.7,"10/28/19","SS","FIELD"
"37","HEV101","Platystomatidae","Diptera",0,"Hand","Holei 1",2015,"Heteropoda venatoria","",16.7,"10/28/19","SS","FIELD"
"38","HEV101","Salticidae","Araneae",0,"Hand","Holei 1",2015,"Heteropoda venatoria","",16.7,"10/28/19","SS","FIELD"
"39","HEV101","Tettigoniidae","Orthoptera",0,"Hand","Holei 1",2015,"Heteropoda venatoria","",16.7,"10/28/19","SS","FIELD"
"40","HEV101","Xiphydriidae","Hymenoptera",0,"Hand","Holei 1",2015,"Heteropoda venatoria","",16.7,"10/28/19","SS","FIELD"
"41","HEV102","Acrididae","Orthoptera",0,"Hand","Holei 2",2015,"Heteropoda venatoria","",12.2,"10/28/19","SS","FIELD"
"42","HEV102","Anisolabididae","Dermaptera",0,"Hand","Holei 2",2015,"Heteropoda venatoria","",12.2,"10/28/19","SS","FIELD"
"43","HEV102","Blaberidae","Blattodea",0,"Hand","Holei 2",2015,"Heteropoda venatoria","",12.2,"10/28/19","SS","FIELD"
"44","HEV102","Blattidae","Blattodea",0,"Hand","Holei 2",2015,"Heteropoda venatoria","",12.2,"10/28/19","SS","FIELD"
"45","HEV102","Bombyliidae","Diptera",0,"Hand","Holei 2",2015,"Heteropoda venatoria","",12.2,"10/28/19","SS","FIELD"
"46","HEV102","Buthidae","Scorpiones",0,"Hand","Holei 2",2015,"Heteropoda venatoria","",12.2,"10/28/19","SS","FIELD"
"47","HEV102","Chironomidae","Diptera",0,"Hand","Holei 2",2015,"Heteropoda venatoria","",12.2,"10/28/19","SS","FIELD"
"48","HEV102","Culicidae","Diptera",0,"Hand","Holei 2",2015,"Heteropoda venatoria","",12.2,"10/28/19","SS","FIELD"
"49","HEV102","Ectobiidae","Blattodea",1,"Hand","Holei 2",2015,"Heteropoda venatoria","",12.2,"10/28/19","SS","FIELD"
"50","HEV102","Libellulidae","Odonata",0,"Hand","Holei 2",2015,"Heteropoda venatoria","",12.2,"10/28/19","SS","FIELD"
"51","HEV102","Limoniidae","Diptera",0,"Hand","Holei 2",2015,"Heteropoda venatoria","",12.2,"10/28/19","SS","FIELD"
"52","HEV102","Mecistocephalidae","Geophilomorpha",0,"Hand","Holei 2",2015,"Heteropoda venatoria","",12.2,"10/28/19","SS","FIELD"
"53","HEV102","Mogoplistidae","Orthoptera",0,"Hand","Holei 2",2015,"Heteropoda venatoria","",12.2,"10/28/19","SS","FIELD"
"54","HEV102","Neptuculidae","Lepidoptera",1,"Hand","Holei 2",2015,"Heteropoda venatoria","",12.2,"10/28/19","SS","FIELD"
"55","HEV102","Oecophoridae","Lepidoptera",0,"Hand","Holei 2",2015,"Heteropoda venatoria","",12.2,"10/28/19","SS","FIELD"
"56","HEV102","Pholcidae","Araneae",0,"Hand","Holei 2",2015,"Heteropoda venatoria","",12.2,"10/28/19","SS","FIELD"
"57","HEV102","Platystomatidae","Diptera",0,"Hand","Holei 2",2015,"Heteropoda venatoria","",12.2,"10/28/19","SS","FIELD"
"58","HEV102","Salticidae","Araneae",0,"Hand","Holei 2",2015,"Heteropoda venatoria","",12.2,"10/28/19","SS","FIELD"
"59","HEV102","Tettigoniidae","Orthoptera",0,"Hand","Holei 2",2015,"Heteropoda venatoria","",12.2,"10/28/19","SS","FIELD"
"60","HEV102","Xiphydriidae","Hymenoptera",0,"Hand","Holei 2",2015,"Heteropoda venatoria","",12.2,"10/28/19","SS","FIELD"
"61","HEV103","Acrididae","Orthoptera",0,"Hand","Holei 3",2015,"Heteropoda venatoria","",13.5,"10/28/19","SS","FIELD"
"62","HEV103","Anisolabididae","Dermaptera",0,"Hand","Holei 3",2015,"Heteropoda venatoria","",13.5,"10/28/19","SS","FIELD"
"63","HEV103","Blaberidae","Blattodea",0,"Hand","Holei 3",2015,"Heteropoda venatoria","",13.5,"10/28/19","SS","FIELD"
"64","HEV103","Blattidae","Blattodea",0,"Hand","Holei 3",2015,"Heteropoda venatoria","",13.5,"10/28/19","SS","FIELD"
"65","HEV103","Bombyliidae","Diptera",0,"Hand","Holei 3",2015,"Heteropoda venatoria","",13.5,"10/28/19","SS","FIELD"
"66","HEV103","Buthidae","Scorpiones",1,"Hand","Holei 3",2015,"Heteropoda venatoria","",13.5,"10/28/19","SS","FIELD"
"67","HEV103","Chironomidae","Diptera",0,"Hand","Holei 3",2015,"Heteropoda venatoria","",13.5,"10/28/19","SS","FIELD"
"68","HEV103","Culicidae","Diptera",0,"Hand","Holei 3",2015,"Heteropoda venatoria","",13.5,"10/28/19","SS","FIELD"
"69","HEV103","Ectobiidae","Blattodea",3,"Hand","Holei 3",2015,"Heteropoda venatoria","",13.5,"10/28/19","SS","FIELD"
"70","HEV103","Libellulidae","Odonata",0,"Hand","Holei 3",2015,"Heteropoda venatoria","",13.5,"10/28/19","SS","FIELD"
"71","HEV103","Limoniidae","Diptera",0,"Hand","Holei 3",2015,"Heteropoda venatoria","",13.5,"10/28/19","SS","FIELD"
"72","HEV103","Mecistocephalidae","Geophilomorpha",0,"Hand","Holei 3",2015,"Heteropoda venatoria","",13.5,"10/28/19","SS","FIELD"
"73","HEV103","Mogoplistidae","Orthoptera",0,"Hand","Holei 3",2015,"Heteropoda venatoria","",13.5,"10/28/19","SS","FIELD"
"74","HEV103","Neptuculidae","Lepidoptera",1,"Hand","Holei 3",2015,"Heteropoda venatoria","",13.5,"10/28/19","SS","FIELD"
"75","HEV103","Oecophoridae","Lepidoptera",0,"Hand","Holei 3",2015,"Heteropoda venatoria","",13.5,"10/28/19","SS","FIELD"
"76","HEV103","Pholcidae","Araneae",0,"Hand","Holei 3",2015,"Heteropoda venatoria","",13.5,"10/28/19","SS","FIELD"
"77","HEV103","Platystomatidae","Diptera",0,"Hand","Holei 3",2015,"Heteropoda venatoria","",13.5,"10/28/19","SS","FIELD"
"78","HEV103","Salticidae","Araneae",0,"Hand","Holei 3",2015,"Heteropoda venatoria","",13.5,"10/28/19","SS","FIELD"
"79","HEV103","Tettigoniidae","Orthoptera",0,"Hand","Holei 3",2015,"Heteropoda venatoria","",13.5,"10/28/19","SS","FIELD"
"80","HEV103","Xiphydriidae","Hymenoptera",0,"Hand","Holei 3",2015,"Heteropoda venatoria","",13.5,"10/28/19","SS","FIELD"
"81","HEV104","Acrididae","Orthoptera",0,"Hand","Holei 4",2015,"Heteropoda venatoria","",13.2,"10/28/19","SS","FIELD"
"82","HEV104","Anisolabididae","Dermaptera",0,"Hand","Holei 4",2015,"Heteropoda venatoria","",13.2,"10/28/19","SS","FIELD"
"83","HEV104","Blaberidae","Blattodea",0,"Hand","Holei 4",2015,"Heteropoda venatoria","",13.2,"10/28/19","SS","FIELD"
"84","HEV104","Blattidae","Blattodea",0,"Hand","Holei 4",2015,"Heteropoda venatoria","",13.2,"10/28/19","SS","FIELD"
"85","HEV104","Bombyliidae","Diptera",0,"Hand","Holei 4",2015,"Heteropoda venatoria","",13.2,"10/28/19","SS","FIELD"
"86","HEV104","Buthidae","Scorpiones",3,"Hand","Holei 4",2015,"Heteropoda venatoria","",13.2,"10/28/19","SS","FIELD"
"87","HEV104","Chironomidae","Diptera",0,"Hand","Holei 4",2015,"Heteropoda venatoria","",13.2,"10/28/19","SS","FIELD"
"88","HEV104","Culicidae","Diptera",0,"Hand","Holei 4",2015,"Heteropoda venatoria","",13.2,"10/28/19","SS","FIELD"
"89","HEV104","Ectobiidae","Blattodea",0,"Hand","Holei 4",2015,"Heteropoda venatoria","",13.2,"10/28/19","SS","FIELD"
"90","HEV104","Libellulidae","Odonata",0,"Hand","Holei 4",2015,"Heteropoda venatoria","",13.2,"10/28/19","SS","FIELD"
"91","HEV104","Limoniidae","Diptera",7,"Hand","Holei 4",2015,"Heteropoda venatoria","",13.2,"10/28/19","SS","FIELD"
"92","HEV104","Mecistocephalidae","Geophilomorpha",0,"Hand","Holei 4",2015,"Heteropoda venatoria","",13.2,"10/28/19","SS","FIELD"
"93","HEV104","Mogoplistidae","Orthoptera",0,"Hand","Holei 4",2015,"Heteropoda venatoria","",13.2,"10/28/19","SS","FIELD"
"94","HEV104","Neptuculidae","Lepidoptera",1,"Hand","Holei 4",2015,"Heteropoda venatoria","",13.2,"10/28/19","SS","FIELD"
"95","HEV104","Oecophoridae","Lepidoptera",0,"Hand","Holei 4",2015,"Heteropoda venatoria","",13.2,"10/28/19","SS","FIELD"
"96","HEV104","Pholcidae","Araneae",0,"Hand","Holei 4",2015,"Heteropoda venatoria","",13.2,"10/28/19","SS","FIELD"
"97","HEV104","Platystomatidae","Diptera",1941,"Hand","Holei 4",2015,"Heteropoda venatoria","",13.2,"10/28/19","SS","FIELD"
"98","HEV104","Salticidae","Araneae",0,"Hand","Holei 4",2015,"Heteropoda venatoria","",13.2,"10/28/19","SS","FIELD"
"99","HEV104","Tettigoniidae","Orthoptera",0,"Hand","Holei 4",2015,"Heteropoda venatoria","",13.2,"10/28/19","SS","FIELD"
"100","HEV104","Xiphydriidae","Hymenoptera",0,"Hand","Holei 4",2015,"Heteropoda venatoria","",13.2,"10/28/19","SS","FIELD"
"101","HEV105","Acrididae","Orthoptera",0,"Hand","Holei 5",2015,"Heteropoda venatoria","",13.4,"10/28/19","SS","FIELD"
"102","HEV105","Anisolabididae","Dermaptera",0,"Hand","Holei 5",2015,"Heteropoda venatoria","",13.4,"10/28/19","SS","FIELD"
"103","HEV105","Blaberidae","Blattodea",0,"Hand","Holei 5",2015,"Heteropoda venatoria","",13.4,"10/28/19","SS","FIELD"
"104","HEV105","Blattidae","Blattodea",0,"Hand","Holei 5",2015,"Heteropoda venatoria","",13.4,"10/28/19","SS","FIELD"
"105","HEV105","Bombyliidae","Diptera",0,"Hand","Holei 5",2015,"Heteropoda venatoria","",13.4,"10/28/19","SS","FIELD"
"106","HEV105","Buthidae","Scorpiones",1,"Hand","Holei 5",2015,"Heteropoda venatoria","",13.4,"10/28/19","SS","FIELD"
"107","HEV105","Chironomidae","Diptera",0,"Hand","Holei 5",2015,"Heteropoda venatoria","",13.4,"10/28/19","SS","FIELD"
"108","HEV105","Culicidae","Diptera",0,"Hand","Holei 5",2015,"Heteropoda venatoria","",13.4,"10/28/19","SS","FIELD"
"109","HEV105","Ectobiidae","Blattodea",122,"Hand","Holei 5",2015,"Heteropoda venatoria","",13.4,"10/28/19","SS","FIELD"
"110","HEV105","Libellulidae","Odonata",0,"Hand","Holei 5",2015,"Heteropoda venatoria","",13.4,"10/28/19","SS","FIELD"
"111","HEV105","Limoniidae","Diptera",0,"Hand","Holei 5",2015,"Heteropoda venatoria","",13.4,"10/28/19","SS","FIELD"
"112","HEV105","Mecistocephalidae","Geophilomorpha",0,"Hand","Holei 5",2015,"Heteropoda venatoria","",13.4,"10/28/19","SS","FIELD"
"113","HEV105","Mogoplistidae","Orthoptera",6,"Hand","Holei 5",2015,"Heteropoda venatoria","",13.4,"10/28/19","SS","FIELD"
"114","HEV105","Neptuculidae","Lepidoptera",0,"Hand","Holei 5",2015,"Heteropoda venatoria","",13.4,"10/28/19","SS","FIELD"
"115","HEV105","Oecophoridae","Lepidoptera",0,"Hand","Holei 5",2015,"Heteropoda venatoria","",13.4,"10/28/19","SS","FIELD"
"116","HEV105","Pholcidae","Araneae",0,"Hand","Holei 5",2015,"Heteropoda venatoria","",13.4,"10/28/19","SS","FIELD"
"117","HEV105","Platystomatidae","Diptera",0,"Hand","Holei 5",2015,"Heteropoda venatoria","",13.4,"10/28/19","SS","FIELD"
"118","HEV105","Salticidae","Araneae",6,"Hand","Holei 5",2015,"Heteropoda venatoria","",13.4,"10/28/19","SS","FIELD"
"119","HEV105","Tettigoniidae","Orthoptera",9,"Hand","Holei 5",2015,"Heteropoda venatoria","",13.4,"10/28/19","SS","FIELD"
"120","HEV105","Xiphydriidae","Hymenoptera",0,"Hand","Holei 5",2015,"Heteropoda venatoria","",13.4,"10/28/19","SS","FIELD"
"121","HEV106","Acrididae","Orthoptera",0,"Hand","Holei 6",2015,"Heteropoda venatoria","",15,"10/28/19","NS","FIELD"
"122","HEV106","Anisolabididae","Dermaptera",0,"Hand","Holei 6",2015,"Heteropoda venatoria","",15,"10/28/19","NS","FIELD"
"123","HEV106","Blaberidae","Blattodea",0,"Hand","Holei 6",2015,"Heteropoda venatoria","",15,"10/28/19","NS","FIELD"
"124","HEV106","Blattidae","Blattodea",0,"Hand","Holei 6",2015,"Heteropoda venatoria","",15,"10/28/19","NS","FIELD"
"125","HEV106","Bombyliidae","Diptera",0,"Hand","Holei 6",2015,"Heteropoda venatoria","",15,"10/28/19","NS","FIELD"
"126","HEV106","Buthidae","Scorpiones",3,"Hand","Holei 6",2015,"Heteropoda venatoria","",15,"10/28/19","NS","FIELD"
"127","HEV106","Chironomidae","Diptera",0,"Hand","Holei 6",2015,"Heteropoda venatoria","",15,"10/28/19","NS","FIELD"
"128","HEV106","Culicidae","Diptera",0,"Hand","Holei 6",2015,"Heteropoda venatoria","",15,"10/28/19","NS","FIELD"
"129","HEV106","Ectobiidae","Blattodea",0,"Hand","Holei 6",2015,"Heteropoda venatoria","",15,"10/28/19","NS","FIELD"
"130","HEV106","Libellulidae","Odonata",0,"Hand","Holei 6",2015,"Heteropoda venatoria","",15,"10/28/19","NS","FIELD"
"131","HEV106","Limoniidae","Diptera",0,"Hand","Holei 6",2015,"Heteropoda venatoria","",15,"10/28/19","NS","FIELD"
"132","HEV106","Mecistocephalidae","Geophilomorpha",0,"Hand","Holei 6",2015,"Heteropoda venatoria","",15,"10/28/19","NS","FIELD"
"133","HEV106","Mogoplistidae","Orthoptera",0,"Hand","Holei 6",2015,"Heteropoda venatoria","",15,"10/28/19","NS","FIELD"
"134","HEV106","Neptuculidae","Lepidoptera",0,"Hand","Holei 6",2015,"Heteropoda venatoria","",15,"10/28/19","NS","FIELD"
"135","HEV106","Oecophoridae","Lepidoptera",0,"Hand","Holei 6",2015,"Heteropoda venatoria","",15,"10/28/19","NS","FIELD"
"136","HEV106","Pholcidae","Araneae",0,"Hand","Holei 6",2015,"Heteropoda venatoria","",15,"10/28/19","NS","FIELD"
"137","HEV106","Platystomatidae","Diptera",0,"Hand","Holei 6",2015,"Heteropoda venatoria","",15,"10/28/19","NS","FIELD"
"138","HEV106","Salticidae","Araneae",0,"Hand","Holei 6",2015,"Heteropoda venatoria","",15,"10/28/19","NS","FIELD"
"139","HEV106","Tettigoniidae","Orthoptera",0,"Hand","Holei 6",2015,"Heteropoda venatoria","",15,"10/28/19","NS","FIELD"
"140","HEV106","Xiphydriidae","Hymenoptera",0,"Hand","Holei 6",2015,"Heteropoda venatoria","",15,"10/28/19","NS","FIELD"
"141","HEV107","Acrididae","Orthoptera",0,"Hand","Holei 7",2015,"Heteropoda venatoria","",11.4,"10/28/19","NS","FIELD"
"142","HEV107","Anisolabididae","Dermaptera",0,"Hand","Holei 7",2015,"Heteropoda venatoria","",11.4,"10/28/19","NS","FIELD"
"143","HEV107","Blaberidae","Blattodea",0,"Hand","Holei 7",2015,"Heteropoda venatoria","",11.4,"10/28/19","NS","FIELD"
"144","HEV107","Blattidae","Blattodea",0,"Hand","Holei 7",2015,"Heteropoda venatoria","",11.4,"10/28/19","NS","FIELD"
"145","HEV107","Bombyliidae","Diptera",0,"Hand","Holei 7",2015,"Heteropoda venatoria","",11.4,"10/28/19","NS","FIELD"
"146","HEV107","Buthidae","Scorpiones",1,"Hand","Holei 7",2015,"Heteropoda venatoria","",11.4,"10/28/19","NS","FIELD"
"147","HEV107","Chironomidae","Diptera",0,"Hand","Holei 7",2015,"Heteropoda venatoria","",11.4,"10/28/19","NS","FIELD"
"148","HEV107","Culicidae","Diptera",0,"Hand","Holei 7",2015,"Heteropoda venatoria","",11.4,"10/28/19","NS","FIELD"
"149","HEV107","Ectobiidae","Blattodea",0,"Hand","Holei 7",2015,"Heteropoda venatoria","",11.4,"10/28/19","NS","FIELD"
"150","HEV107","Libellulidae","Odonata",0,"Hand","Holei 7",2015,"Heteropoda venatoria","",11.4,"10/28/19","NS","FIELD"
"151","HEV107","Limoniidae","Diptera",0,"Hand","Holei 7",2015,"Heteropoda venatoria","",11.4,"10/28/19","NS","FIELD"
"152","HEV107","Mecistocephalidae","Geophilomorpha",0,"Hand","Holei 7",2015,"Heteropoda venatoria","",11.4,"10/28/19","NS","FIELD"
"153","HEV107","Mogoplistidae","Orthoptera",1,"Hand","Holei 7",2015,"Heteropoda venatoria","",11.4,"10/28/19","NS","FIELD"
"154","HEV107","Neptuculidae","Lepidoptera",11,"Hand","Holei 7",2015,"Heteropoda venatoria","",11.4,"10/28/19","NS","FIELD"
"155","HEV107","Oecophoridae","Lepidoptera",0,"Hand","Holei 7",2015,"Heteropoda venatoria","",11.4,"10/28/19","NS","FIELD"
"156","HEV107","Pholcidae","Araneae",0,"Hand","Holei 7",2015,"Heteropoda venatoria","",11.4,"10/28/19","NS","FIELD"
"157","HEV107","Platystomatidae","Diptera",0,"Hand","Holei 7",2015,"Heteropoda venatoria","",11.4,"10/28/19","NS","FIELD"
"158","HEV107","Salticidae","Araneae",2,"Hand","Holei 7",2015,"Heteropoda venatoria","",11.4,"10/28/19","NS","FIELD"
"159","HEV107","Tettigoniidae","Orthoptera",0,"Hand","Holei 7",2015,"Heteropoda venatoria","",11.4,"10/28/19","NS","FIELD"
"160","HEV107","Xiphydriidae","Hymenoptera",0,"Hand","Holei 7",2015,"Heteropoda venatoria","",11.4,"10/28/19","NS","FIELD"
"161","HEV108","Acrididae","Orthoptera",0,"Hand","Holei 8",2015,"Heteropoda venatoria","",11.5,"10/28/19","NS","FIELD"
"162","HEV108","Anisolabididae","Dermaptera",0,"Hand","Holei 8",2015,"Heteropoda venatoria","",11.5,"10/28/19","NS","FIELD"
"163","HEV108","Blaberidae","Blattodea",0,"Hand","Holei 8",2015,"Heteropoda venatoria","",11.5,"10/28/19","NS","FIELD"
"164","HEV108","Blattidae","Blattodea",0,"Hand","Holei 8",2015,"Heteropoda venatoria","",11.5,"10/28/19","NS","FIELD"
"165","HEV108","Bombyliidae","Diptera",0,"Hand","Holei 8",2015,"Heteropoda venatoria","",11.5,"10/28/19","NS","FIELD"
"166","HEV108","Buthidae","Scorpiones",4,"Hand","Holei 8",2015,"Heteropoda venatoria","",11.5,"10/28/19","NS","FIELD"
"167","HEV108","Chironomidae","Diptera",0,"Hand","Holei 8",2015,"Heteropoda venatoria","",11.5,"10/28/19","NS","FIELD"
"168","HEV108","Culicidae","Diptera",0,"Hand","Holei 8",2015,"Heteropoda venatoria","",11.5,"10/28/19","NS","FIELD"
"169","HEV108","Ectobiidae","Blattodea",8,"Hand","Holei 8",2015,"Heteropoda venatoria","",11.5,"10/28/19","NS","FIELD"
"170","HEV108","Libellulidae","Odonata",0,"Hand","Holei 8",2015,"Heteropoda venatoria","",11.5,"10/28/19","NS","FIELD"
"171","HEV108","Limoniidae","Diptera",0,"Hand","Holei 8",2015,"Heteropoda venatoria","",11.5,"10/28/19","NS","FIELD"
"172","HEV108","Mecistocephalidae","Geophilomorpha",0,"Hand","Holei 8",2015,"Heteropoda venatoria","",11.5,"10/28/19","NS","FIELD"
"173","HEV108","Mogoplistidae","Orthoptera",0,"Hand","Holei 8",2015,"Heteropoda venatoria","",11.5,"10/28/19","NS","FIELD"
"174","HEV108","Neptuculidae","Lepidoptera",21,"Hand","Holei 8",2015,"Heteropoda venatoria","",11.5,"10/28/19","NS","FIELD"
"175","HEV108","Oecophoridae","Lepidoptera",0,"Hand","Holei 8",2015,"Heteropoda venatoria","",11.5,"10/28/19","NS","FIELD"
"176","HEV108","Pholcidae","Araneae",0,"Hand","Holei 8",2015,"Heteropoda venatoria","",11.5,"10/28/19","NS","FIELD"
"177","HEV108","Platystomatidae","Diptera",4079,"Hand","Holei 8",2015,"Heteropoda venatoria","",11.5,"10/28/19","NS","FIELD"
"178","HEV108","Salticidae","Araneae",0,"Hand","Holei 8",2015,"Heteropoda venatoria","",11.5,"10/28/19","NS","FIELD"
"179","HEV108","Tettigoniidae","Orthoptera",0,"Hand","Holei 8",2015,"Heteropoda venatoria","",11.5,"10/28/19","NS","FIELD"
"180","HEV108","Xiphydriidae","Hymenoptera",0,"Hand","Holei 8",2015,"Heteropoda venatoria","",11.5,"10/28/19","NS","FIELD"
"181","HEV109","Acrididae","Orthoptera",0,"Hand","Holei 9",2015,"Heteropoda venatoria","",12.8,"10/28/19","NS","FIELD"
"182","HEV109","Anisolabididae","Dermaptera",0,"Hand","Holei 9",2015,"Heteropoda venatoria","",12.8,"10/28/19","NS","FIELD"
"183","HEV109","Blaberidae","Blattodea",0,"Hand","Holei 9",2015,"Heteropoda venatoria","",12.8,"10/28/19","NS","FIELD"
"184","HEV109","Blattidae","Blattodea",0,"Hand","Holei 9",2015,"Heteropoda venatoria","",12.8,"10/28/19","NS","FIELD"
"185","HEV109","Bombyliidae","Diptera",0,"Hand","Holei 9",2015,"Heteropoda venatoria","",12.8,"10/28/19","NS","FIELD"
"186","HEV109","Buthidae","Scorpiones",0,"Hand","Holei 9",2015,"Heteropoda venatoria","",12.8,"10/28/19","NS","FIELD"
"187","HEV109","Chironomidae","Diptera",0,"Hand","Holei 9",2015,"Heteropoda venatoria","",12.8,"10/28/19","NS","FIELD"
"188","HEV109","Culicidae","Diptera",0,"Hand","Holei 9",2015,"Heteropoda venatoria","",12.8,"10/28/19","NS","FIELD"
"189","HEV109","Ectobiidae","Blattodea",0,"Hand","Holei 9",2015,"Heteropoda venatoria","",12.8,"10/28/19","NS","FIELD"
"190","HEV109","Libellulidae","Odonata",0,"Hand","Holei 9",2015,"Heteropoda venatoria","",12.8,"10/28/19","NS","FIELD"
"191","HEV109","Limoniidae","Diptera",0,"Hand","Holei 9",2015,"Heteropoda venatoria","",12.8,"10/28/19","NS","FIELD"
"192","HEV109","Mecistocephalidae","Geophilomorpha",27,"Hand","Holei 9",2015,"Heteropoda venatoria","",12.8,"10/28/19","NS","FIELD"
"193","HEV109","Mogoplistidae","Orthoptera",0,"Hand","Holei 9",2015,"Heteropoda venatoria","",12.8,"10/28/19","NS","FIELD"
"194","HEV109","Neptuculidae","Lepidoptera",0,"Hand","Holei 9",2015,"Heteropoda venatoria","",12.8,"10/28/19","NS","FIELD"
"195","HEV109","Oecophoridae","Lepidoptera",0,"Hand","Holei 9",2015,"Heteropoda venatoria","",12.8,"10/28/19","NS","FIELD"
"196","HEV109","Pholcidae","Araneae",0,"Hand","Holei 9",2015,"Heteropoda venatoria","",12.8,"10/28/19","NS","FIELD"
"197","HEV109","Platystomatidae","Diptera",0,"Hand","Holei 9",2015,"Heteropoda venatoria","",12.8,"10/28/19","NS","FIELD"
"198","HEV109","Salticidae","Araneae",0,"Hand","Holei 9",2015,"Heteropoda venatoria","",12.8,"10/28/19","NS","FIELD"
"199","HEV109","Tettigoniidae","Orthoptera",0,"Hand","Holei 9",2015,"Heteropoda venatoria","",12.8,"10/28/19","NS","FIELD"
"200","HEV109","Xiphydriidae","Hymenoptera",0,"Hand","Holei 9",2015,"Heteropoda venatoria","",12.8,"10/28/19","NS","FIELD"
"201","HEV110","Acrididae","Orthoptera",0,"Hand","Holei 10",2015,"Heteropoda venatoria","",9.8,"10/28/19","NS","FIELD"
"202","HEV110","Anisolabididae","Dermaptera",0,"Hand","Holei 10",2015,"Heteropoda venatoria","",9.8,"10/28/19","NS","FIELD"
"203","HEV110","Blaberidae","Blattodea",0,"Hand","Holei 10",2015,"Heteropoda venatoria","",9.8,"10/28/19","NS","FIELD"
"204","HEV110","Blattidae","Blattodea",0,"Hand","Holei 10",2015,"Heteropoda venatoria","",9.8,"10/28/19","NS","FIELD"
"205","HEV110","Bombyliidae","Diptera",0,"Hand","Holei 10",2015,"Heteropoda venatoria","",9.8,"10/28/19","NS","FIELD"
"206","HEV110","Buthidae","Scorpiones",4,"Hand","Holei 10",2015,"Heteropoda venatoria","",9.8,"10/28/19","NS","FIELD"
"207","HEV110","Chironomidae","Diptera",0,"Hand","Holei 10",2015,"Heteropoda venatoria","",9.8,"10/28/19","NS","FIELD"
"208","HEV110","Culicidae","Diptera",0,"Hand","Holei 10",2015,"Heteropoda venatoria","",9.8,"10/28/19","NS","FIELD"
"209","HEV110","Ectobiidae","Blattodea",0,"Hand","Holei 10",2015,"Heteropoda venatoria","",9.8,"10/28/19","NS","FIELD"
"210","HEV110","Libellulidae","Odonata",0,"Hand","Holei 10",2015,"Heteropoda venatoria","",9.8,"10/28/19","NS","FIELD"
"211","HEV110","Limoniidae","Diptera",0,"Hand","Holei 10",2015,"Heteropoda venatoria","",9.8,"10/28/19","NS","FIELD"
"212","HEV110","Mecistocephalidae","Geophilomorpha",0,"Hand","Holei 10",2015,"Heteropoda venatoria","",9.8,"10/28/19","NS","FIELD"
"213","HEV110","Mogoplistidae","Orthoptera",0,"Hand","Holei 10",2015,"Heteropoda venatoria","",9.8,"10/28/19","NS","FIELD"
"214","HEV110","Neptuculidae","Lepidoptera",0,"Hand","Holei 10",2015,"Heteropoda venatoria","",9.8,"10/28/19","NS","FIELD"
"215","HEV110","Oecophoridae","Lepidoptera",0,"Hand","Holei 10",2015,"Heteropoda venatoria","",9.8,"10/28/19","NS","FIELD"
"216","HEV110","Pholcidae","Araneae",0,"Hand","Holei 10",2015,"Heteropoda venatoria","",9.8,"10/28/19","NS","FIELD"
"217","HEV110","Platystomatidae","Diptera",0,"Hand","Holei 10",2015,"Heteropoda venatoria","",9.8,"10/28/19","NS","FIELD"
"218","HEV110","Salticidae","Araneae",0,"Hand","Holei 10",2015,"Heteropoda venatoria","",9.8,"10/28/19","NS","FIELD"
"219","HEV110","Tettigoniidae","Orthoptera",0,"Hand","Holei 10",2015,"Heteropoda venatoria","",9.8,"10/28/19","NS","FIELD"
"220","HEV110","Xiphydriidae","Hymenoptera",0,"Hand","Holei 10",2015,"Heteropoda venatoria","",9.8,"10/28/19","NS","FIELD"
"221","HEV111","Acrididae","Orthoptera",0,"Hand","Holei 11",2015,"Heteropoda venatoria","",7.4,"10/28/19","NS","FIELD"
"222","HEV111","Anisolabididae","Dermaptera",0,"Hand","Holei 11",2015,"Heteropoda venatoria","",7.4,"10/28/19","NS","FIELD"
"223","HEV111","Blaberidae","Blattodea",0,"Hand","Holei 11",2015,"Heteropoda venatoria","",7.4,"10/28/19","NS","FIELD"
"224","HEV111","Blattidae","Blattodea",0,"Hand","Holei 11",2015,"Heteropoda venatoria","",7.4,"10/28/19","NS","FIELD"
"225","HEV111","Bombyliidae","Diptera",0,"Hand","Holei 11",2015,"Heteropoda venatoria","",7.4,"10/28/19","NS","FIELD"
"226","HEV111","Buthidae","Scorpiones",0,"Hand","Holei 11",2015,"Heteropoda venatoria","",7.4,"10/28/19","NS","FIELD"
"227","HEV111","Chironomidae","Diptera",0,"Hand","Holei 11",2015,"Heteropoda venatoria","",7.4,"10/28/19","NS","FIELD"
"228","HEV111","Culicidae","Diptera",0,"Hand","Holei 11",2015,"Heteropoda venatoria","",7.4,"10/28/19","NS","FIELD"
"229","HEV111","Ectobiidae","Blattodea",0,"Hand","Holei 11",2015,"Heteropoda venatoria","",7.4,"10/28/19","NS","FIELD"
"230","HEV111","Libellulidae","Odonata",0,"Hand","Holei 11",2015,"Heteropoda venatoria","",7.4,"10/28/19","NS","FIELD"
"231","HEV111","Limoniidae","Diptera",0,"Hand","Holei 11",2015,"Heteropoda venatoria","",7.4,"10/28/19","NS","FIELD"
"232","HEV111","Mecistocephalidae","Geophilomorpha",0,"Hand","Holei 11",2015,"Heteropoda venatoria","",7.4,"10/28/19","NS","FIELD"
"233","HEV111","Mogoplistidae","Orthoptera",0,"Hand","Holei 11",2015,"Heteropoda venatoria","",7.4,"10/28/19","NS","FIELD"
"234","HEV111","Neptuculidae","Lepidoptera",0,"Hand","Holei 11",2015,"Heteropoda venatoria","",7.4,"10/28/19","NS","FIELD"
"235","HEV111","Oecophoridae","Lepidoptera",0,"Hand","Holei 11",2015,"Heteropoda venatoria","",7.4,"10/28/19","NS","FIELD"
"236","HEV111","Pholcidae","Araneae",0,"Hand","Holei 11",2015,"Heteropoda venatoria","",7.4,"10/28/19","NS","FIELD"
"237","HEV111","Platystomatidae","Diptera",0,"Hand","Holei 11",2015,"Heteropoda venatoria","",7.4,"10/28/19","NS","FIELD"
"238","HEV111","Salticidae","Araneae",0,"Hand","Holei 11",2015,"Heteropoda venatoria","",7.4,"10/28/19","NS","FIELD"
"239","HEV111","Tettigoniidae","Orthoptera",0,"Hand","Holei 11",2015,"Heteropoda venatoria","",7.4,"10/28/19","NS","FIELD"
"240","HEV111","Xiphydriidae","Hymenoptera",0,"Hand","Holei 11",2015,"Heteropoda venatoria","",7.4,"10/28/19","NS","FIELD"
"241","HEV65","Acrididae","Orthoptera",0,"Hand","Fern 5",2016,"Heteropoda venatoria","",22.6,"10/23/18","SS","FIELD"
"242","HEV65","Anisolabididae","Dermaptera",0,"Hand","Fern 5",2016,"Heteropoda venatoria","",22.6,"10/23/18","SS","FIELD"
"243","HEV65","Blaberidae","Blattodea",0,"Hand","Fern 5",2016,"Heteropoda venatoria","",22.6,"10/23/18","SS","FIELD"
"244","HEV65","Blattidae","Blattodea",0,"Hand","Fern 5",2016,"Heteropoda venatoria","",22.6,"10/23/18","SS","FIELD"
"245","HEV65","Bombyliidae","Diptera",0,"Hand","Fern 5",2016,"Heteropoda venatoria","",22.6,"10/23/18","SS","FIELD"
"246","HEV65","Buthidae","Scorpiones",0,"Hand","Fern 5",2016,"Heteropoda venatoria","",22.6,"10/23/18","SS","FIELD"
"247","HEV65","Chironomidae","Diptera",0,"Hand","Fern 5",2016,"Heteropoda venatoria","",22.6,"10/23/18","SS","FIELD"
"248","HEV65","Culicidae","Diptera",0,"Hand","Fern 5",2016,"Heteropoda venatoria","",22.6,"10/23/18","SS","FIELD"
"249","HEV65","Ectobiidae","Blattodea",0,"Hand","Fern 5",2016,"Heteropoda venatoria","",22.6,"10/23/18","SS","FIELD"
"250","HEV65","Libellulidae","Odonata",0,"Hand","Fern 5",2016,"Heteropoda venatoria","",22.6,"10/23/18","SS","FIELD"
"251","HEV65","Limoniidae","Diptera",0,"Hand","Fern 5",2016,"Heteropoda venatoria","",22.6,"10/23/18","SS","FIELD"
"252","HEV65","Mecistocephalidae","Geophilomorpha",0,"Hand","Fern 5",2016,"Heteropoda venatoria","",22.6,"10/23/18","SS","FIELD"
"253","HEV65","Mogoplistidae","Orthoptera",0,"Hand","Fern 5",2016,"Heteropoda venatoria","",22.6,"10/23/18","SS","FIELD"
"254","HEV65","Neptuculidae","Lepidoptera",0,"Hand","Fern 5",2016,"Heteropoda venatoria","",22.6,"10/23/18","SS","FIELD"
"255","HEV65","Oecophoridae","Lepidoptera",14,"Hand","Fern 5",2016,"Heteropoda venatoria","",22.6,"10/23/18","SS","FIELD"
"256","HEV65","Pholcidae","Araneae",0,"Hand","Fern 5",2016,"Heteropoda venatoria","",22.6,"10/23/18","SS","FIELD"
"257","HEV65","Platystomatidae","Diptera",0,"Hand","Fern 5",2016,"Heteropoda venatoria","",22.6,"10/23/18","SS","FIELD"
"258","HEV65","Salticidae","Araneae",0,"Hand","Fern 5",2016,"Heteropoda venatoria","",22.6,"10/23/18","SS","FIELD"
"259","HEV65","Tettigoniidae","Orthoptera",0,"Hand","Fern 5",2016,"Heteropoda venatoria","",22.6,"10/23/18","SS","FIELD"
"260","HEV65","Xiphydriidae","Hymenoptera",0,"Hand","Fern 5",2016,"Heteropoda venatoria","",22.6,"10/23/18","SS","FIELD"
"261","HEV66","Acrididae","Orthoptera",1,"Hand","Fern 4",2016,"Heteropoda venatoria","",17.2,"10/23/18","SS","FIELD"
"262","HEV66","Anisolabididae","Dermaptera",0,"Hand","Fern 4",2016,"Heteropoda venatoria","",17.2,"10/23/18","SS","FIELD"
"263","HEV66","Blaberidae","Blattodea",0,"Hand","Fern 4",2016,"Heteropoda venatoria","",17.2,"10/23/18","SS","FIELD"
"264","HEV66","Blattidae","Blattodea",0,"Hand","Fern 4",2016,"Heteropoda venatoria","",17.2,"10/23/18","SS","FIELD"
"265","HEV66","Bombyliidae","Diptera",0,"Hand","Fern 4",2016,"Heteropoda venatoria","",17.2,"10/23/18","SS","FIELD"
"266","HEV66","Buthidae","Scorpiones",0,"Hand","Fern 4",2016,"Heteropoda venatoria","",17.2,"10/23/18","SS","FIELD"
"267","HEV66","Chironomidae","Diptera",0,"Hand","Fern 4",2016,"Heteropoda venatoria","",17.2,"10/23/18","SS","FIELD"
"268","HEV66","Culicidae","Diptera",0,"Hand","Fern 4",2016,"Heteropoda venatoria","",17.2,"10/23/18","SS","FIELD"
"269","HEV66","Ectobiidae","Blattodea",0,"Hand","Fern 4",2016,"Heteropoda venatoria","",17.2,"10/23/18","SS","FIELD"
"270","HEV66","Libellulidae","Odonata",0,"Hand","Fern 4",2016,"Heteropoda venatoria","",17.2,"10/23/18","SS","FIELD"
"271","HEV66","Limoniidae","Diptera",0,"Hand","Fern 4",2016,"Heteropoda venatoria","",17.2,"10/23/18","SS","FIELD"
"272","HEV66","Mecistocephalidae","Geophilomorpha",0,"Hand","Fern 4",2016,"Heteropoda venatoria","",17.2,"10/23/18","SS","FIELD"
"273","HEV66","Mogoplistidae","Orthoptera",0,"Hand","Fern 4",2016,"Heteropoda venatoria","",17.2,"10/23/18","SS","FIELD"
"274","HEV66","Neptuculidae","Lepidoptera",0,"Hand","Fern 4",2016,"Heteropoda venatoria","",17.2,"10/23/18","SS","FIELD"
"275","HEV66","Oecophoridae","Lepidoptera",0,"Hand","Fern 4",2016,"Heteropoda venatoria","",17.2,"10/23/18","SS","FIELD"
"276","HEV66","Pholcidae","Araneae",0,"Hand","Fern 4",2016,"Heteropoda venatoria","",17.2,"10/23/18","SS","FIELD"
"277","HEV66","Platystomatidae","Diptera",0,"Hand","Fern 4",2016,"Heteropoda venatoria","",17.2,"10/23/18","SS","FIELD"
"278","HEV66","Salticidae","Araneae",0,"Hand","Fern 4",2016,"Heteropoda venatoria","",17.2,"10/23/18","SS","FIELD"
"279","HEV66","Tettigoniidae","Orthoptera",0,"Hand","Fern 4",2016,"Heteropoda venatoria","",17.2,"10/23/18","SS","FIELD"
"280","HEV66","Xiphydriidae","Hymenoptera",0,"Hand","Fern 4",2016,"Heteropoda venatoria","",17.2,"10/23/18","SS","FIELD"
"281","HEV67","Acrididae","Orthoptera",0,"Hand","Fern 10",2016,"Heteropoda venatoria","",19.1,"10/23/18","SS","FIELD"
"282","HEV67","Anisolabididae","Dermaptera",1,"Hand","Fern 10",2016,"Heteropoda venatoria","",19.1,"10/23/18","SS","FIELD"
"283","HEV67","Blaberidae","Blattodea",0,"Hand","Fern 10",2016,"Heteropoda venatoria","",19.1,"10/23/18","SS","FIELD"
"284","HEV67","Blattidae","Blattodea",0,"Hand","Fern 10",2016,"Heteropoda venatoria","",19.1,"10/23/18","SS","FIELD"
"285","HEV67","Bombyliidae","Diptera",0,"Hand","Fern 10",2016,"Heteropoda venatoria","",19.1,"10/23/18","SS","FIELD"
"286","HEV67","Buthidae","Scorpiones",0,"Hand","Fern 10",2016,"Heteropoda venatoria","",19.1,"10/23/18","SS","FIELD"
"287","HEV67","Chironomidae","Diptera",0,"Hand","Fern 10",2016,"Heteropoda venatoria","",19.1,"10/23/18","SS","FIELD"
"288","HEV67","Culicidae","Diptera",0,"Hand","Fern 10",2016,"Heteropoda venatoria","",19.1,"10/23/18","SS","FIELD"
"289","HEV67","Ectobiidae","Blattodea",0,"Hand","Fern 10",2016,"Heteropoda venatoria","",19.1,"10/23/18","SS","FIELD"
"290","HEV67","Libellulidae","Odonata",0,"Hand","Fern 10",2016,"Heteropoda venatoria","",19.1,"10/23/18","SS","FIELD"
"291","HEV67","Limoniidae","Diptera",0,"Hand","Fern 10",2016,"Heteropoda venatoria","",19.1,"10/23/18","SS","FIELD"
"292","HEV67","Mecistocephalidae","Geophilomorpha",0,"Hand","Fern 10",2016,"Heteropoda venatoria","",19.1,"10/23/18","SS","FIELD"
"293","HEV67","Mogoplistidae","Orthoptera",0,"Hand","Fern 10",2016,"Heteropoda venatoria","",19.1,"10/23/18","SS","FIELD"
"294","HEV67","Neptuculidae","Lepidoptera",0,"Hand","Fern 10",2016,"Heteropoda venatoria","",19.1,"10/23/18","SS","FIELD"
"295","HEV67","Oecophoridae","Lepidoptera",0,"Hand","Fern 10",2016,"Heteropoda venatoria","",19.1,"10/23/18","SS","FIELD"
"296","HEV67","Pholcidae","Araneae",0,"Hand","Fern 10",2016,"Heteropoda venatoria","",19.1,"10/23/18","SS","FIELD"
"297","HEV67","Platystomatidae","Diptera",0,"Hand","Fern 10",2016,"Heteropoda venatoria","",19.1,"10/23/18","SS","FIELD"
"298","HEV67","Salticidae","Araneae",0,"Hand","Fern 10",2016,"Heteropoda venatoria","",19.1,"10/23/18","SS","FIELD"
"299","HEV67","Tettigoniidae","Orthoptera",0,"Hand","Fern 10",2016,"Heteropoda venatoria","",19.1,"10/23/18","SS","FIELD"
"300","HEV67","Xiphydriidae","Hymenoptera",0,"Hand","Fern 10",2016,"Heteropoda venatoria","",19.1,"10/23/18","SS","FIELD"
"301","HEV68","Acrididae","Orthoptera",0,"Hand","Fern 7",2016,"Heteropoda venatoria","",13.2,"10/23/18","SS","FIELD"
"302","HEV68","Anisolabididae","Dermaptera",0,"Hand","Fern 7",2016,"Heteropoda venatoria","",13.2,"10/23/18","SS","FIELD"
"303","HEV68","Blaberidae","Blattodea",0,"Hand","Fern 7",2016,"Heteropoda venatoria","",13.2,"10/23/18","SS","FIELD"
"304","HEV68","Blattidae","Blattodea",0,"Hand","Fern 7",2016,"Heteropoda venatoria","",13.2,"10/23/18","SS","FIELD"
"305","HEV68","Bombyliidae","Diptera",0,"Hand","Fern 7",2016,"Heteropoda venatoria","",13.2,"10/23/18","SS","FIELD"
"306","HEV68","Buthidae","Scorpiones",0,"Hand","Fern 7",2016,"Heteropoda venatoria","",13.2,"10/23/18","SS","FIELD"
"307","HEV68","Chironomidae","Diptera",0,"Hand","Fern 7",2016,"Heteropoda venatoria","",13.2,"10/23/18","SS","FIELD"
"308","HEV68","Culicidae","Diptera",0,"Hand","Fern 7",2016,"Heteropoda venatoria","",13.2,"10/23/18","SS","FIELD"
"309","HEV68","Ectobiidae","Blattodea",0,"Hand","Fern 7",2016,"Heteropoda venatoria","",13.2,"10/23/18","SS","FIELD"
"310","HEV68","Libellulidae","Odonata",0,"Hand","Fern 7",2016,"Heteropoda venatoria","",13.2,"10/23/18","SS","FIELD"
"311","HEV68","Limoniidae","Diptera",0,"Hand","Fern 7",2016,"Heteropoda venatoria","",13.2,"10/23/18","SS","FIELD"
"312","HEV68","Mecistocephalidae","Geophilomorpha",0,"Hand","Fern 7",2016,"Heteropoda venatoria","",13.2,"10/23/18","SS","FIELD"
"313","HEV68","Mogoplistidae","Orthoptera",0,"Hand","Fern 7",2016,"Heteropoda venatoria","",13.2,"10/23/18","SS","FIELD"
"314","HEV68","Neptuculidae","Lepidoptera",0,"Hand","Fern 7",2016,"Heteropoda venatoria","",13.2,"10/23/18","SS","FIELD"
"315","HEV68","Oecophoridae","Lepidoptera",0,"Hand","Fern 7",2016,"Heteropoda venatoria","",13.2,"10/23/18","SS","FIELD"
"316","HEV68","Pholcidae","Araneae",0,"Hand","Fern 7",2016,"Heteropoda venatoria","",13.2,"10/23/18","SS","FIELD"
"317","HEV68","Platystomatidae","Diptera",0,"Hand","Fern 7",2016,"Heteropoda venatoria","",13.2,"10/23/18","SS","FIELD"
"318","HEV68","Salticidae","Araneae",0,"Hand","Fern 7",2016,"Heteropoda venatoria","",13.2,"10/23/18","SS","FIELD"
"319","HEV68","Tettigoniidae","Orthoptera",0,"Hand","Fern 7",2016,"Heteropoda venatoria","",13.2,"10/23/18","SS","FIELD"
"320","HEV68","Xiphydriidae","Hymenoptera",0,"Hand","Fern 7",2016,"Heteropoda venatoria","",13.2,"10/23/18","SS","FIELD"
"321","HEV70","Acrididae","Orthoptera",0,"Hand","Fern 8",2016,"Heteropoda venatoria","",17.7,"10/23/18","SS","FIELD"
"322","HEV70","Anisolabididae","Dermaptera",0,"Hand","Fern 8",2016,"Heteropoda venatoria","",17.7,"10/23/18","SS","FIELD"
"323","HEV70","Blaberidae","Blattodea",0,"Hand","Fern 8",2016,"Heteropoda venatoria","",17.7,"10/23/18","SS","FIELD"
"324","HEV70","Blattidae","Blattodea",0,"Hand","Fern 8",2016,"Heteropoda venatoria","",17.7,"10/23/18","SS","FIELD"
"325","HEV70","Bombyliidae","Diptera",0,"Hand","Fern 8",2016,"Heteropoda venatoria","",17.7,"10/23/18","SS","FIELD"
"326","HEV70","Buthidae","Scorpiones",0,"Hand","Fern 8",2016,"Heteropoda venatoria","",17.7,"10/23/18","SS","FIELD"
"327","HEV70","Chironomidae","Diptera",0,"Hand","Fern 8",2016,"Heteropoda venatoria","",17.7,"10/23/18","SS","FIELD"
"328","HEV70","Culicidae","Diptera",0,"Hand","Fern 8",2016,"Heteropoda venatoria","",17.7,"10/23/18","SS","FIELD"
"329","HEV70","Ectobiidae","Blattodea",0,"Hand","Fern 8",2016,"Heteropoda venatoria","",17.7,"10/23/18","SS","FIELD"
"330","HEV70","Libellulidae","Odonata",0,"Hand","Fern 8",2016,"Heteropoda venatoria","",17.7,"10/23/18","SS","FIELD"
"331","HEV70","Limoniidae","Diptera",0,"Hand","Fern 8",2016,"Heteropoda venatoria","",17.7,"10/23/18","SS","FIELD"
"332","HEV70","Mecistocephalidae","Geophilomorpha",0,"Hand","Fern 8",2016,"Heteropoda venatoria","",17.7,"10/23/18","SS","FIELD"
"333","HEV70","Mogoplistidae","Orthoptera",0,"Hand","Fern 8",2016,"Heteropoda venatoria","",17.7,"10/23/18","SS","FIELD"
"334","HEV70","Neptuculidae","Lepidoptera",0,"Hand","Fern 8",2016,"Heteropoda venatoria","",17.7,"10/23/18","SS","FIELD"
"335","HEV70","Oecophoridae","Lepidoptera",0,"Hand","Fern 8",2016,"Heteropoda venatoria","",17.7,"10/23/18","SS","FIELD"
"336","HEV70","Pholcidae","Araneae",0,"Hand","Fern 8",2016,"Heteropoda venatoria","",17.7,"10/23/18","SS","FIELD"
"337","HEV70","Platystomatidae","Diptera",9,"Hand","Fern 8",2016,"Heteropoda venatoria","",17.7,"10/23/18","SS","FIELD"
"338","HEV70","Salticidae","Araneae",0,"Hand","Fern 8",2016,"Heteropoda venatoria","",17.7,"10/23/18","SS","FIELD"
"339","HEV70","Tettigoniidae","Orthoptera",0,"Hand","Fern 8",2016,"Heteropoda venatoria","",17.7,"10/23/18","SS","FIELD"
"340","HEV70","Xiphydriidae","Hymenoptera",0,"Hand","Fern 8",2016,"Heteropoda venatoria","",17.7,"10/23/18","SS","FIELD"
"341","HEV71","Acrididae","Orthoptera",0,"Hand","Leslie 3",2016,"Heteropoda venatoria","",21.2,"10/23/18","SS","FIELD"
"342","HEV71","Anisolabididae","Dermaptera",0,"Hand","Leslie 3",2016,"Heteropoda venatoria","",21.2,"10/23/18","SS","FIELD"
"343","HEV71","Blaberidae","Blattodea",0,"Hand","Leslie 3",2016,"Heteropoda venatoria","",21.2,"10/23/18","SS","FIELD"
"344","HEV71","Blattidae","Blattodea",329,"Hand","Leslie 3",2016,"Heteropoda venatoria","",21.2,"10/23/18","SS","FIELD"
"345","HEV71","Bombyliidae","Diptera",0,"Hand","Leslie 3",2016,"Heteropoda venatoria","",21.2,"10/23/18","SS","FIELD"
"346","HEV71","Buthidae","Scorpiones",0,"Hand","Leslie 3",2016,"Heteropoda venatoria","",21.2,"10/23/18","SS","FIELD"
"347","HEV71","Chironomidae","Diptera",0,"Hand","Leslie 3",2016,"Heteropoda venatoria","",21.2,"10/23/18","SS","FIELD"
"348","HEV71","Culicidae","Diptera",0,"Hand","Leslie 3",2016,"Heteropoda venatoria","",21.2,"10/23/18","SS","FIELD"
"349","HEV71","Ectobiidae","Blattodea",0,"Hand","Leslie 3",2016,"Heteropoda venatoria","",21.2,"10/23/18","SS","FIELD"
"350","HEV71","Libellulidae","Odonata",0,"Hand","Leslie 3",2016,"Heteropoda venatoria","",21.2,"10/23/18","SS","FIELD"
"351","HEV71","Limoniidae","Diptera",0,"Hand","Leslie 3",2016,"Heteropoda venatoria","",21.2,"10/23/18","SS","FIELD"
"352","HEV71","Mecistocephalidae","Geophilomorpha",0,"Hand","Leslie 3",2016,"Heteropoda venatoria","",21.2,"10/23/18","SS","FIELD"
"353","HEV71","Mogoplistidae","Orthoptera",0,"Hand","Leslie 3",2016,"Heteropoda venatoria","",21.2,"10/23/18","SS","FIELD"
"354","HEV71","Neptuculidae","Lepidoptera",0,"Hand","Leslie 3",2016,"Heteropoda venatoria","",21.2,"10/23/18","SS","FIELD"
"355","HEV71","Oecophoridae","Lepidoptera",0,"Hand","Leslie 3",2016,"Heteropoda venatoria","",21.2,"10/23/18","SS","FIELD"
"356","HEV71","Pholcidae","Araneae",0,"Hand","Leslie 3",2016,"Heteropoda venatoria","",21.2,"10/23/18","SS","FIELD"
"357","HEV71","Platystomatidae","Diptera",0,"Hand","Leslie 3",2016,"Heteropoda venatoria","",21.2,"10/23/18","SS","FIELD"
"358","HEV71","Salticidae","Araneae",0,"Hand","Leslie 3",2016,"Heteropoda venatoria","",21.2,"10/23/18","SS","FIELD"
"359","HEV71","Tettigoniidae","Orthoptera",0,"Hand","Leslie 3",2016,"Heteropoda venatoria","",21.2,"10/23/18","SS","FIELD"
"360","HEV71","Xiphydriidae","Hymenoptera",0,"Hand","Leslie 3",2016,"Heteropoda venatoria","",21.2,"10/23/18","SS","FIELD"
"361","HEV74","Acrididae","Orthoptera",0,"Hand","Leslie 11",2016,"Heteropoda venatoria","",19.5,"10/23/18","SS","FIELD"
"362","HEV74","Anisolabididae","Dermaptera",0,"Hand","Leslie 11",2016,"Heteropoda venatoria","",19.5,"10/23/18","SS","FIELD"
"363","HEV74","Blaberidae","Blattodea",0,"Hand","Leslie 11",2016,"Heteropoda venatoria","",19.5,"10/23/18","SS","FIELD"
"364","HEV74","Blattidae","Blattodea",0,"Hand","Leslie 11",2016,"Heteropoda venatoria","",19.5,"10/23/18","SS","FIELD"
"365","HEV74","Bombyliidae","Diptera",0,"Hand","Leslie 11",2016,"Heteropoda venatoria","",19.5,"10/23/18","SS","FIELD"
"366","HEV74","Buthidae","Scorpiones",0,"Hand","Leslie 11",2016,"Heteropoda venatoria","",19.5,"10/23/18","SS","FIELD"
"367","HEV74","Chironomidae","Diptera",0,"Hand","Leslie 11",2016,"Heteropoda venatoria","",19.5,"10/23/18","SS","FIELD"
"368","HEV74","Culicidae","Diptera",0,"Hand","Leslie 11",2016,"Heteropoda venatoria","",19.5,"10/23/18","SS","FIELD"
"369","HEV74","Ectobiidae","Blattodea",0,"Hand","Leslie 11",2016,"Heteropoda venatoria","",19.5,"10/23/18","SS","FIELD"
"370","HEV74","Libellulidae","Odonata",0,"Hand","Leslie 11",2016,"Heteropoda venatoria","",19.5,"10/23/18","SS","FIELD"
"371","HEV74","Limoniidae","Diptera",0,"Hand","Leslie 11",2016,"Heteropoda venatoria","",19.5,"10/23/18","SS","FIELD"
"372","HEV74","Mecistocephalidae","Geophilomorpha",0,"Hand","Leslie 11",2016,"Heteropoda venatoria","",19.5,"10/23/18","SS","FIELD"
"373","HEV74","Mogoplistidae","Orthoptera",0,"Hand","Leslie 11",2016,"Heteropoda venatoria","",19.5,"10/23/18","SS","FIELD"
"374","HEV74","Neptuculidae","Lepidoptera",0,"Hand","Leslie 11",2016,"Heteropoda venatoria","",19.5,"10/23/18","SS","FIELD"
"375","HEV74","Oecophoridae","Lepidoptera",0,"Hand","Leslie 11",2016,"Heteropoda venatoria","",19.5,"10/23/18","SS","FIELD"
"376","HEV74","Pholcidae","Araneae",0,"Hand","Leslie 11",2016,"Heteropoda venatoria","",19.5,"10/23/18","SS","FIELD"
"377","HEV74","Platystomatidae","Diptera",0,"Hand","Leslie 11",2016,"Heteropoda venatoria","",19.5,"10/23/18","SS","FIELD"
"378","HEV74","Salticidae","Araneae",0,"Hand","Leslie 11",2016,"Heteropoda venatoria","",19.5,"10/23/18","SS","FIELD"
"379","HEV74","Tettigoniidae","Orthoptera",0,"Hand","Leslie 11",2016,"Heteropoda venatoria","",19.5,"10/23/18","SS","FIELD"
"380","HEV74","Xiphydriidae","Hymenoptera",0,"Hand","Leslie 11",2016,"Heteropoda venatoria","",19.5,"10/23/18","SS","FIELD"
"381","HEV76","Acrididae","Orthoptera",0,"Hand","Leslie 13",2016,"Heteropoda venatoria","",16.2,"10/23/18","SS","FIELD"
"382","HEV76","Anisolabididae","Dermaptera",0,"Hand","Leslie 13",2016,"Heteropoda venatoria","",16.2,"10/23/18","SS","FIELD"
"383","HEV76","Blaberidae","Blattodea",0,"Hand","Leslie 13",2016,"Heteropoda venatoria","",16.2,"10/23/18","SS","FIELD"
"384","HEV76","Blattidae","Blattodea",0,"Hand","Leslie 13",2016,"Heteropoda venatoria","",16.2,"10/23/18","SS","FIELD"
"385","HEV76","Bombyliidae","Diptera",0,"Hand","Leslie 13",2016,"Heteropoda venatoria","",16.2,"10/23/18","SS","FIELD"
"386","HEV76","Buthidae","Scorpiones",0,"Hand","Leslie 13",2016,"Heteropoda venatoria","",16.2,"10/23/18","SS","FIELD"
"387","HEV76","Chironomidae","Diptera",0,"Hand","Leslie 13",2016,"Heteropoda venatoria","",16.2,"10/23/18","SS","FIELD"
"388","HEV76","Culicidae","Diptera",0,"Hand","Leslie 13",2016,"Heteropoda venatoria","",16.2,"10/23/18","SS","FIELD"
"389","HEV76","Ectobiidae","Blattodea",112,"Hand","Leslie 13",2016,"Heteropoda venatoria","",16.2,"10/23/18","SS","FIELD"
"390","HEV76","Libellulidae","Odonata",0,"Hand","Leslie 13",2016,"Heteropoda venatoria","",16.2,"10/23/18","SS","FIELD"
"391","HEV76","Limoniidae","Diptera",0,"Hand","Leslie 13",2016,"Heteropoda venatoria","",16.2,"10/23/18","SS","FIELD"
"392","HEV76","Mecistocephalidae","Geophilomorpha",0,"Hand","Leslie 13",2016,"Heteropoda venatoria","",16.2,"10/23/18","SS","FIELD"
"393","HEV76","Mogoplistidae","Orthoptera",16,"Hand","Leslie 13",2016,"Heteropoda venatoria","",16.2,"10/23/18","SS","FIELD"
"394","HEV76","Neptuculidae","Lepidoptera",19,"Hand","Leslie 13",2016,"Heteropoda venatoria","",16.2,"10/23/18","SS","FIELD"
"395","HEV76","Oecophoridae","Lepidoptera",0,"Hand","Leslie 13",2016,"Heteropoda venatoria","",16.2,"10/23/18","SS","FIELD"
"396","HEV76","Pholcidae","Araneae",0,"Hand","Leslie 13",2016,"Heteropoda venatoria","",16.2,"10/23/18","SS","FIELD"
"397","HEV76","Platystomatidae","Diptera",0,"Hand","Leslie 13",2016,"Heteropoda venatoria","",16.2,"10/23/18","SS","FIELD"
"398","HEV76","Salticidae","Araneae",0,"Hand","Leslie 13",2016,"Heteropoda venatoria","",16.2,"10/23/18","SS","FIELD"
"399","HEV76","Tettigoniidae","Orthoptera",0,"Hand","Leslie 13",2016,"Heteropoda venatoria","",16.2,"10/23/18","SS","FIELD"
"400","HEV76","Xiphydriidae","Hymenoptera",0,"Hand","Leslie 13",2016,"Heteropoda venatoria","",16.2,"10/23/18","SS","FIELD"
"401","HEV79","Acrididae","Orthoptera",0,"Hand","Fern 6",2016,"Heteropoda venatoria","",18.4,"10/23/18","NS","FIELD"
"402","HEV79","Anisolabididae","Dermaptera",0,"Hand","Fern 6",2016,"Heteropoda venatoria","",18.4,"10/23/18","NS","FIELD"
"403","HEV79","Blaberidae","Blattodea",0,"Hand","Fern 6",2016,"Heteropoda venatoria","",18.4,"10/23/18","NS","FIELD"
"404","HEV79","Blattidae","Blattodea",0,"Hand","Fern 6",2016,"Heteropoda venatoria","",18.4,"10/23/18","NS","FIELD"
"405","HEV79","Bombyliidae","Diptera",0,"Hand","Fern 6",2016,"Heteropoda venatoria","",18.4,"10/23/18","NS","FIELD"
"406","HEV79","Buthidae","Scorpiones",0,"Hand","Fern 6",2016,"Heteropoda venatoria","",18.4,"10/23/18","NS","FIELD"
"407","HEV79","Chironomidae","Diptera",0,"Hand","Fern 6",2016,"Heteropoda venatoria","",18.4,"10/23/18","NS","FIELD"
"408","HEV79","Culicidae","Diptera",13,"Hand","Fern 6",2016,"Heteropoda venatoria","",18.4,"10/23/18","NS","FIELD"
"409","HEV79","Ectobiidae","Blattodea",0,"Hand","Fern 6",2016,"Heteropoda venatoria","",18.4,"10/23/18","NS","FIELD"
"410","HEV79","Libellulidae","Odonata",0,"Hand","Fern 6",2016,"Heteropoda venatoria","",18.4,"10/23/18","NS","FIELD"
"411","HEV79","Limoniidae","Diptera",0,"Hand","Fern 6",2016,"Heteropoda venatoria","",18.4,"10/23/18","NS","FIELD"
"412","HEV79","Mecistocephalidae","Geophilomorpha",0,"Hand","Fern 6",2016,"Heteropoda venatoria","",18.4,"10/23/18","NS","FIELD"
"413","HEV79","Mogoplistidae","Orthoptera",0,"Hand","Fern 6",2016,"Heteropoda venatoria","",18.4,"10/23/18","NS","FIELD"
"414","HEV79","Neptuculidae","Lepidoptera",0,"Hand","Fern 6",2016,"Heteropoda venatoria","",18.4,"10/23/18","NS","FIELD"
"415","HEV79","Oecophoridae","Lepidoptera",0,"Hand","Fern 6",2016,"Heteropoda venatoria","",18.4,"10/23/18","NS","FIELD"
"416","HEV79","Pholcidae","Araneae",0,"Hand","Fern 6",2016,"Heteropoda venatoria","",18.4,"10/23/18","NS","FIELD"
"417","HEV79","Platystomatidae","Diptera",0,"Hand","Fern 6",2016,"Heteropoda venatoria","",18.4,"10/23/18","NS","FIELD"
"418","HEV79","Salticidae","Araneae",0,"Hand","Fern 6",2016,"Heteropoda venatoria","",18.4,"10/23/18","NS","FIELD"
"419","HEV79","Tettigoniidae","Orthoptera",0,"Hand","Fern 6",2016,"Heteropoda venatoria","",18.4,"10/23/18","NS","FIELD"
"420","HEV79","Xiphydriidae","Hymenoptera",0,"Hand","Fern 6",2016,"Heteropoda venatoria","",18.4,"10/23/18","NS","FIELD"
"421","HEV81","Acrididae","Orthoptera",0,"Hand","Leslie 6",2016,"Heteropoda venatoria","",16,"10/23/18","NS","FIELD"
"422","HEV81","Anisolabididae","Dermaptera",0,"Hand","Leslie 6",2016,"Heteropoda venatoria","",16,"10/23/18","NS","FIELD"
"423","HEV81","Blaberidae","Blattodea",286,"Hand","Leslie 6",2016,"Heteropoda venatoria","",16,"10/23/18","NS","FIELD"
"424","HEV81","Blattidae","Blattodea",0,"Hand","Leslie 6",2016,"Heteropoda venatoria","",16,"10/23/18","NS","FIELD"
"425","HEV81","Bombyliidae","Diptera",0,"Hand","Leslie 6",2016,"Heteropoda venatoria","",16,"10/23/18","NS","FIELD"
"426","HEV81","Buthidae","Scorpiones",0,"Hand","Leslie 6",2016,"Heteropoda venatoria","",16,"10/23/18","NS","FIELD"
"427","HEV81","Chironomidae","Diptera",0,"Hand","Leslie 6",2016,"Heteropoda venatoria","",16,"10/23/18","NS","FIELD"
"428","HEV81","Culicidae","Diptera",0,"Hand","Leslie 6",2016,"Heteropoda venatoria","",16,"10/23/18","NS","FIELD"
"429","HEV81","Ectobiidae","Blattodea",16,"Hand","Leslie 6",2016,"Heteropoda venatoria","",16,"10/23/18","NS","FIELD"
"430","HEV81","Libellulidae","Odonata",0,"Hand","Leslie 6",2016,"Heteropoda venatoria","",16,"10/23/18","NS","FIELD"
"431","HEV81","Limoniidae","Diptera",0,"Hand","Leslie 6",2016,"Heteropoda venatoria","",16,"10/23/18","NS","FIELD"
"432","HEV81","Mecistocephalidae","Geophilomorpha",0,"Hand","Leslie 6",2016,"Heteropoda venatoria","",16,"10/23/18","NS","FIELD"
"433","HEV81","Mogoplistidae","Orthoptera",3,"Hand","Leslie 6",2016,"Heteropoda venatoria","",16,"10/23/18","NS","FIELD"
"434","HEV81","Neptuculidae","Lepidoptera",0,"Hand","Leslie 6",2016,"Heteropoda venatoria","",16,"10/23/18","NS","FIELD"
"435","HEV81","Oecophoridae","Lepidoptera",0,"Hand","Leslie 6",2016,"Heteropoda venatoria","",16,"10/23/18","NS","FIELD"
"436","HEV81","Pholcidae","Araneae",0,"Hand","Leslie 6",2016,"Heteropoda venatoria","",16,"10/23/18","NS","FIELD"
"437","HEV81","Platystomatidae","Diptera",0,"Hand","Leslie 6",2016,"Heteropoda venatoria","",16,"10/23/18","NS","FIELD"
"438","HEV81","Salticidae","Araneae",90,"Hand","Leslie 6",2016,"Heteropoda venatoria","",16,"10/23/18","NS","FIELD"
"439","HEV81","Tettigoniidae","Orthoptera",0,"Hand","Leslie 6",2016,"Heteropoda venatoria","",16,"10/23/18","NS","FIELD"
"440","HEV81","Xiphydriidae","Hymenoptera",0,"Hand","Leslie 6",2016,"Heteropoda venatoria","",16,"10/23/18","NS","FIELD"
"441","HEV82","Acrididae","Orthoptera",0,"Hand","Leslie 5",2016,"Heteropoda venatoria","",15.6,"10/23/18","NS","FIELD"
"442","HEV82","Anisolabididae","Dermaptera",1,"Hand","Leslie 5",2016,"Heteropoda venatoria","",15.6,"10/23/18","NS","FIELD"
"443","HEV82","Blaberidae","Blattodea",0,"Hand","Leslie 5",2016,"Heteropoda venatoria","",15.6,"10/23/18","NS","FIELD"
"444","HEV82","Blattidae","Blattodea",0,"Hand","Leslie 5",2016,"Heteropoda venatoria","",15.6,"10/23/18","NS","FIELD"
"445","HEV82","Bombyliidae","Diptera",0,"Hand","Leslie 5",2016,"Heteropoda venatoria","",15.6,"10/23/18","NS","FIELD"
"446","HEV82","Buthidae","Scorpiones",0,"Hand","Leslie 5",2016,"Heteropoda venatoria","",15.6,"10/23/18","NS","FIELD"
"447","HEV82","Chironomidae","Diptera",0,"Hand","Leslie 5",2016,"Heteropoda venatoria","",15.6,"10/23/18","NS","FIELD"
"448","HEV82","Culicidae","Diptera",0,"Hand","Leslie 5",2016,"Heteropoda venatoria","",15.6,"10/23/18","NS","FIELD"
"449","HEV82","Ectobiidae","Blattodea",0,"Hand","Leslie 5",2016,"Heteropoda venatoria","",15.6,"10/23/18","NS","FIELD"
"450","HEV82","Libellulidae","Odonata",0,"Hand","Leslie 5",2016,"Heteropoda venatoria","",15.6,"10/23/18","NS","FIELD"
"451","HEV82","Limoniidae","Diptera",0,"Hand","Leslie 5",2016,"Heteropoda venatoria","",15.6,"10/23/18","NS","FIELD"
"452","HEV82","Mecistocephalidae","Geophilomorpha",0,"Hand","Leslie 5",2016,"Heteropoda venatoria","",15.6,"10/23/18","NS","FIELD"
"453","HEV82","Mogoplistidae","Orthoptera",0,"Hand","Leslie 5",2016,"Heteropoda venatoria","",15.6,"10/23/18","NS","FIELD"
"454","HEV82","Neptuculidae","Lepidoptera",0,"Hand","Leslie 5",2016,"Heteropoda venatoria","",15.6,"10/23/18","NS","FIELD"
"455","HEV82","Oecophoridae","Lepidoptera",0,"Hand","Leslie 5",2016,"Heteropoda venatoria","",15.6,"10/23/18","NS","FIELD"
"456","HEV82","Pholcidae","Araneae",0,"Hand","Leslie 5",2016,"Heteropoda venatoria","",15.6,"10/23/18","NS","FIELD"
"457","HEV82","Platystomatidae","Diptera",0,"Hand","Leslie 5",2016,"Heteropoda venatoria","",15.6,"10/23/18","NS","FIELD"
"458","HEV82","Salticidae","Araneae",0,"Hand","Leslie 5",2016,"Heteropoda venatoria","",15.6,"10/23/18","NS","FIELD"
"459","HEV82","Tettigoniidae","Orthoptera",0,"Hand","Leslie 5",2016,"Heteropoda venatoria","",15.6,"10/23/18","NS","FIELD"
"460","HEV82","Xiphydriidae","Hymenoptera",0,"Hand","Leslie 5",2016,"Heteropoda venatoria","",15.6,"10/23/18","NS","FIELD"
"461","HEV83","Acrididae","Orthoptera",0,"Hand","Leslie 2",2016,"Heteropoda venatoria","",21.3,"10/23/18","NS","FIELD"
"462","HEV83","Anisolabididae","Dermaptera",0,"Hand","Leslie 2",2016,"Heteropoda venatoria","",21.3,"10/23/18","NS","FIELD"
"463","HEV83","Blaberidae","Blattodea",0,"Hand","Leslie 2",2016,"Heteropoda venatoria","",21.3,"10/23/18","NS","FIELD"
"464","HEV83","Blattidae","Blattodea",4,"Hand","Leslie 2",2016,"Heteropoda venatoria","",21.3,"10/23/18","NS","FIELD"
"465","HEV83","Bombyliidae","Diptera",0,"Hand","Leslie 2",2016,"Heteropoda venatoria","",21.3,"10/23/18","NS","FIELD"
"466","HEV83","Buthidae","Scorpiones",0,"Hand","Leslie 2",2016,"Heteropoda venatoria","",21.3,"10/23/18","NS","FIELD"
"467","HEV83","Chironomidae","Diptera",0,"Hand","Leslie 2",2016,"Heteropoda venatoria","",21.3,"10/23/18","NS","FIELD"
"468","HEV83","Culicidae","Diptera",0,"Hand","Leslie 2",2016,"Heteropoda venatoria","",21.3,"10/23/18","NS","FIELD"
"469","HEV83","Ectobiidae","Blattodea",0,"Hand","Leslie 2",2016,"Heteropoda venatoria","",21.3,"10/23/18","NS","FIELD"
"470","HEV83","Libellulidae","Odonata",0,"Hand","Leslie 2",2016,"Heteropoda venatoria","",21.3,"10/23/18","NS","FIELD"
"471","HEV83","Limoniidae","Diptera",0,"Hand","Leslie 2",2016,"Heteropoda venatoria","",21.3,"10/23/18","NS","FIELD"
"472","HEV83","Mecistocephalidae","Geophilomorpha",0,"Hand","Leslie 2",2016,"Heteropoda venatoria","",21.3,"10/23/18","NS","FIELD"
"473","HEV83","Mogoplistidae","Orthoptera",0,"Hand","Leslie 2",2016,"Heteropoda venatoria","",21.3,"10/23/18","NS","FIELD"
"474","HEV83","Neptuculidae","Lepidoptera",0,"Hand","Leslie 2",2016,"Heteropoda venatoria","",21.3,"10/23/18","NS","FIELD"
"475","HEV83","Oecophoridae","Lepidoptera",0,"Hand","Leslie 2",2016,"Heteropoda venatoria","",21.3,"10/23/18","NS","FIELD"
"476","HEV83","Pholcidae","Araneae",0,"Hand","Leslie 2",2016,"Heteropoda venatoria","",21.3,"10/23/18","NS","FIELD"
"477","HEV83","Platystomatidae","Diptera",0,"Hand","Leslie 2",2016,"Heteropoda venatoria","",21.3,"10/23/18","NS","FIELD"
"478","HEV83","Salticidae","Araneae",0,"Hand","Leslie 2",2016,"Heteropoda venatoria","",21.3,"10/23/18","NS","FIELD"
"479","HEV83","Tettigoniidae","Orthoptera",0,"Hand","Leslie 2",2016,"Heteropoda venatoria","",21.3,"10/23/18","NS","FIELD"
"480","HEV83","Xiphydriidae","Hymenoptera",0,"Hand","Leslie 2",2016,"Heteropoda venatoria","",21.3,"10/23/18","NS","FIELD"
"481","HEV87","Acrididae","Orthoptera",0,"Hand","Leslie 8",2016,"Heteropoda venatoria","",16.3,"10/23/18","NS","FIELD"
"482","HEV87","Anisolabididae","Dermaptera",0,"Hand","Leslie 8",2016,"Heteropoda venatoria","",16.3,"10/23/18","NS","FIELD"
"483","HEV87","Blaberidae","Blattodea",0,"Hand","Leslie 8",2016,"Heteropoda venatoria","",16.3,"10/23/18","NS","FIELD"
"484","HEV87","Blattidae","Blattodea",0,"Hand","Leslie 8",2016,"Heteropoda venatoria","",16.3,"10/23/18","NS","FIELD"
"485","HEV87","Bombyliidae","Diptera",0,"Hand","Leslie 8",2016,"Heteropoda venatoria","",16.3,"10/23/18","NS","FIELD"
"486","HEV87","Buthidae","Scorpiones",0,"Hand","Leslie 8",2016,"Heteropoda venatoria","",16.3,"10/23/18","NS","FIELD"
"487","HEV87","Chironomidae","Diptera",0,"Hand","Leslie 8",2016,"Heteropoda venatoria","",16.3,"10/23/18","NS","FIELD"
"488","HEV87","Culicidae","Diptera",0,"Hand","Leslie 8",2016,"Heteropoda venatoria","",16.3,"10/23/18","NS","FIELD"
"489","HEV87","Ectobiidae","Blattodea",0,"Hand","Leslie 8",2016,"Heteropoda venatoria","",16.3,"10/23/18","NS","FIELD"
"490","HEV87","Libellulidae","Odonata",0,"Hand","Leslie 8",2016,"Heteropoda venatoria","",16.3,"10/23/18","NS","FIELD"
"491","HEV87","Limoniidae","Diptera",0,"Hand","Leslie 8",2016,"Heteropoda venatoria","",16.3,"10/23/18","NS","FIELD"
"492","HEV87","Mecistocephalidae","Geophilomorpha",0,"Hand","Leslie 8",2016,"Heteropoda venatoria","",16.3,"10/23/18","NS","FIELD"
"493","HEV87","Mogoplistidae","Orthoptera",0,"Hand","Leslie 8",2016,"Heteropoda venatoria","",16.3,"10/23/18","NS","FIELD"
"494","HEV87","Neptuculidae","Lepidoptera",18,"Hand","Leslie 8",2016,"Heteropoda venatoria","",16.3,"10/23/18","NS","FIELD"
"495","HEV87","Oecophoridae","Lepidoptera",48,"Hand","Leslie 8",2016,"Heteropoda venatoria","",16.3,"10/23/18","NS","FIELD"
"496","HEV87","Pholcidae","Araneae",0,"Hand","Leslie 8",2016,"Heteropoda venatoria","",16.3,"10/23/18","NS","FIELD"
"497","HEV87","Platystomatidae","Diptera",0,"Hand","Leslie 8",2016,"Heteropoda venatoria","",16.3,"10/23/18","NS","FIELD"
"498","HEV87","Salticidae","Araneae",0,"Hand","Leslie 8",2016,"Heteropoda venatoria","",16.3,"10/23/18","NS","FIELD"
"499","HEV87","Tettigoniidae","Orthoptera",0,"Hand","Leslie 8",2016,"Heteropoda venatoria","",16.3,"10/23/18","NS","FIELD"
"500","HEV87","Xiphydriidae","Hymenoptera",0,"Hand","Leslie 8",2016,"Heteropoda venatoria","",16.3,"10/23/18","NS","FIELD"
"501","HEV88","Acrididae","Orthoptera",0,"Hand","Leslie 4",2016,"Heteropoda venatoria","",20.1,"10/23/18","NS","FIELD"
"502","HEV88","Anisolabididae","Dermaptera",0,"Hand","Leslie 4",2016,"Heteropoda venatoria","",20.1,"10/23/18","NS","FIELD"
"503","HEV88","Blaberidae","Blattodea",0,"Hand","Leslie 4",2016,"Heteropoda venatoria","",20.1,"10/23/18","NS","FIELD"
"504","HEV88","Blattidae","Blattodea",0,"Hand","Leslie 4",2016,"Heteropoda venatoria","",20.1,"10/23/18","NS","FIELD"
"505","HEV88","Bombyliidae","Diptera",0,"Hand","Leslie 4",2016,"Heteropoda venatoria","",20.1,"10/23/18","NS","FIELD"
"506","HEV88","Buthidae","Scorpiones",0,"Hand","Leslie 4",2016,"Heteropoda venatoria","",20.1,"10/23/18","NS","FIELD"
"507","HEV88","Chironomidae","Diptera",0,"Hand","Leslie 4",2016,"Heteropoda venatoria","",20.1,"10/23/18","NS","FIELD"
"508","HEV88","Culicidae","Diptera",0,"Hand","Leslie 4",2016,"Heteropoda venatoria","",20.1,"10/23/18","NS","FIELD"
"509","HEV88","Ectobiidae","Blattodea",0,"Hand","Leslie 4",2016,"Heteropoda venatoria","",20.1,"10/23/18","NS","FIELD"
"510","HEV88","Libellulidae","Odonata",0,"Hand","Leslie 4",2016,"Heteropoda venatoria","",20.1,"10/23/18","NS","FIELD"
"511","HEV88","Limoniidae","Diptera",0,"Hand","Leslie 4",2016,"Heteropoda venatoria","",20.1,"10/23/18","NS","FIELD"
"512","HEV88","Mecistocephalidae","Geophilomorpha",0,"Hand","Leslie 4",2016,"Heteropoda venatoria","",20.1,"10/23/18","NS","FIELD"
"513","HEV88","Mogoplistidae","Orthoptera",0,"Hand","Leslie 4",2016,"Heteropoda venatoria","",20.1,"10/23/18","NS","FIELD"
"514","HEV88","Neptuculidae","Lepidoptera",0,"Hand","Leslie 4",2016,"Heteropoda venatoria","",20.1,"10/23/18","NS","FIELD"
"515","HEV88","Oecophoridae","Lepidoptera",0,"Hand","Leslie 4",2016,"Heteropoda venatoria","",20.1,"10/23/18","NS","FIELD"
"516","HEV88","Pholcidae","Araneae",0,"Hand","Leslie 4",2016,"Heteropoda venatoria","",20.1,"10/23/18","NS","FIELD"
"517","HEV88","Platystomatidae","Diptera",0,"Hand","Leslie 4",2016,"Heteropoda venatoria","",20.1,"10/23/18","NS","FIELD"
"518","HEV88","Salticidae","Araneae",0,"Hand","Leslie 4",2016,"Heteropoda venatoria","",20.1,"10/23/18","NS","FIELD"
"519","HEV88","Tettigoniidae","Orthoptera",0,"Hand","Leslie 4",2016,"Heteropoda venatoria","",20.1,"10/23/18","NS","FIELD"
"520","HEV88","Xiphydriidae","Hymenoptera",0,"Hand","Leslie 4",2016,"Heteropoda venatoria","",20.1,"10/23/18","NS","FIELD"
"521","HEV89","Acrididae","Orthoptera",1,"Hand","Leslie 1",2016,"Heteropoda venatoria","",23.8,"10/23/18","NS","FIELD"
"522","HEV89","Anisolabididae","Dermaptera",0,"Hand","Leslie 1",2016,"Heteropoda venatoria","",23.8,"10/23/18","NS","FIELD"
"523","HEV89","Blaberidae","Blattodea",0,"Hand","Leslie 1",2016,"Heteropoda venatoria","",23.8,"10/23/18","NS","FIELD"
"524","HEV89","Blattidae","Blattodea",0,"Hand","Leslie 1",2016,"Heteropoda venatoria","",23.8,"10/23/18","NS","FIELD"
"525","HEV89","Bombyliidae","Diptera",0,"Hand","Leslie 1",2016,"Heteropoda venatoria","",23.8,"10/23/18","NS","FIELD"
"526","HEV89","Buthidae","Scorpiones",0,"Hand","Leslie 1",2016,"Heteropoda venatoria","",23.8,"10/23/18","NS","FIELD"
"527","HEV89","Chironomidae","Diptera",0,"Hand","Leslie 1",2016,"Heteropoda venatoria","",23.8,"10/23/18","NS","FIELD"
"528","HEV89","Culicidae","Diptera",0,"Hand","Leslie 1",2016,"Heteropoda venatoria","",23.8,"10/23/18","NS","FIELD"
"529","HEV89","Ectobiidae","Blattodea",0,"Hand","Leslie 1",2016,"Heteropoda venatoria","",23.8,"10/23/18","NS","FIELD"
"530","HEV89","Libellulidae","Odonata",0,"Hand","Leslie 1",2016,"Heteropoda venatoria","",23.8,"10/23/18","NS","FIELD"
"531","HEV89","Limoniidae","Diptera",0,"Hand","Leslie 1",2016,"Heteropoda venatoria","",23.8,"10/23/18","NS","FIELD"
"532","HEV89","Mecistocephalidae","Geophilomorpha",0,"Hand","Leslie 1",2016,"Heteropoda venatoria","",23.8,"10/23/18","NS","FIELD"
"533","HEV89","Mogoplistidae","Orthoptera",0,"Hand","Leslie 1",2016,"Heteropoda venatoria","",23.8,"10/23/18","NS","FIELD"
"534","HEV89","Neptuculidae","Lepidoptera",0,"Hand","Leslie 1",2016,"Heteropoda venatoria","",23.8,"10/23/18","NS","FIELD"
"535","HEV89","Oecophoridae","Lepidoptera",0,"Hand","Leslie 1",2016,"Heteropoda venatoria","",23.8,"10/23/18","NS","FIELD"
"536","HEV89","Pholcidae","Araneae",0,"Hand","Leslie 1",2016,"Heteropoda venatoria","",23.8,"10/23/18","NS","FIELD"
"537","HEV89","Platystomatidae","Diptera",0,"Hand","Leslie 1",2016,"Heteropoda venatoria","",23.8,"10/23/18","NS","FIELD"
"538","HEV89","Salticidae","Araneae",0,"Hand","Leslie 1",2016,"Heteropoda venatoria","",23.8,"10/23/18","NS","FIELD"
"539","HEV89","Tettigoniidae","Orthoptera",3,"Hand","Leslie 1",2016,"Heteropoda venatoria","",23.8,"10/23/18","NS","FIELD"
"540","HEV89","Xiphydriidae","Hymenoptera",0,"Hand","Leslie 1",2016,"Heteropoda venatoria","",23.8,"10/23/18","NS","FIELD"
"541","HEV90","Acrididae","Orthoptera",0,"Hand","East 1",2015,"Heteropoda venatoria","",14.1,"10/28/19","SS","FIELD"
"542","HEV90","Anisolabididae","Dermaptera",0,"Hand","East 1",2015,"Heteropoda venatoria","",14.1,"10/28/19","SS","FIELD"
"543","HEV90","Blaberidae","Blattodea",0,"Hand","East 1",2015,"Heteropoda venatoria","",14.1,"10/28/19","SS","FIELD"
"544","HEV90","Blattidae","Blattodea",0,"Hand","East 1",2015,"Heteropoda venatoria","",14.1,"10/28/19","SS","FIELD"
"545","HEV90","Bombyliidae","Diptera",0,"Hand","East 1",2015,"Heteropoda venatoria","",14.1,"10/28/19","SS","FIELD"
"546","HEV90","Buthidae","Scorpiones",0,"Hand","East 1",2015,"Heteropoda venatoria","",14.1,"10/28/19","SS","FIELD"
"547","HEV90","Chironomidae","Diptera",0,"Hand","East 1",2015,"Heteropoda venatoria","",14.1,"10/28/19","SS","FIELD"
"548","HEV90","Culicidae","Diptera",0,"Hand","East 1",2015,"Heteropoda venatoria","",14.1,"10/28/19","SS","FIELD"
"549","HEV90","Ectobiidae","Blattodea",0,"Hand","East 1",2015,"Heteropoda venatoria","",14.1,"10/28/19","SS","FIELD"
"550","HEV90","Libellulidae","Odonata",5,"Hand","East 1",2015,"Heteropoda venatoria","",14.1,"10/28/19","SS","FIELD"
"551","HEV90","Limoniidae","Diptera",0,"Hand","East 1",2015,"Heteropoda venatoria","",14.1,"10/28/19","SS","FIELD"
"552","HEV90","Mecistocephalidae","Geophilomorpha",0,"Hand","East 1",2015,"Heteropoda venatoria","",14.1,"10/28/19","SS","FIELD"
"553","HEV90","Mogoplistidae","Orthoptera",0,"Hand","East 1",2015,"Heteropoda venatoria","",14.1,"10/28/19","SS","FIELD"
"554","HEV90","Neptuculidae","Lepidoptera",0,"Hand","East 1",2015,"Heteropoda venatoria","",14.1,"10/28/19","SS","FIELD"
"555","HEV90","Oecophoridae","Lepidoptera",0,"Hand","East 1",2015,"Heteropoda venatoria","",14.1,"10/28/19","SS","FIELD"
"556","HEV90","Pholcidae","Araneae",0,"Hand","East 1",2015,"Heteropoda venatoria","",14.1,"10/28/19","SS","FIELD"
"557","HEV90","Platystomatidae","Diptera",0,"Hand","East 1",2015,"Heteropoda venatoria","",14.1,"10/28/19","SS","FIELD"
"558","HEV90","Salticidae","Araneae",0,"Hand","East 1",2015,"Heteropoda venatoria","",14.1,"10/28/19","SS","FIELD"
"559","HEV90","Tettigoniidae","Orthoptera",0,"Hand","East 1",2015,"Heteropoda venatoria","",14.1,"10/28/19","SS","FIELD"
"560","HEV90","Xiphydriidae","Hymenoptera",0,"Hand","East 1",2015,"Heteropoda venatoria","",14.1,"10/28/19","SS","FIELD"
"561","HEV91","Acrididae","Orthoptera",0,"Hand","East 2",2015,"Heteropoda venatoria","",17.5,"10/28/19","SS","FIELD"
"562","HEV91","Anisolabididae","Dermaptera",0,"Hand","East 2",2015,"Heteropoda venatoria","",17.5,"10/28/19","SS","FIELD"
"563","HEV91","Blaberidae","Blattodea",0,"Hand","East 2",2015,"Heteropoda venatoria","",17.5,"10/28/19","SS","FIELD"
"564","HEV91","Blattidae","Blattodea",0,"Hand","East 2",2015,"Heteropoda venatoria","",17.5,"10/28/19","SS","FIELD"
"565","HEV91","Bombyliidae","Diptera",0,"Hand","East 2",2015,"Heteropoda venatoria","",17.5,"10/28/19","SS","FIELD"
"566","HEV91","Buthidae","Scorpiones",0,"Hand","East 2",2015,"Heteropoda venatoria","",17.5,"10/28/19","SS","FIELD"
"567","HEV91","Chironomidae","Diptera",0,"Hand","East 2",2015,"Heteropoda venatoria","",17.5,"10/28/19","SS","FIELD"
"568","HEV91","Culicidae","Diptera",0,"Hand","East 2",2015,"Heteropoda venatoria","",17.5,"10/28/19","SS","FIELD"
"569","HEV91","Ectobiidae","Blattodea",0,"Hand","East 2",2015,"Heteropoda venatoria","",17.5,"10/28/19","SS","FIELD"
"570","HEV91","Libellulidae","Odonata",0,"Hand","East 2",2015,"Heteropoda venatoria","",17.5,"10/28/19","SS","FIELD"
"571","HEV91","Limoniidae","Diptera",0,"Hand","East 2",2015,"Heteropoda venatoria","",17.5,"10/28/19","SS","FIELD"
"572","HEV91","Mecistocephalidae","Geophilomorpha",0,"Hand","East 2",2015,"Heteropoda venatoria","",17.5,"10/28/19","SS","FIELD"
"573","HEV91","Mogoplistidae","Orthoptera",0,"Hand","East 2",2015,"Heteropoda venatoria","",17.5,"10/28/19","SS","FIELD"
"574","HEV91","Neptuculidae","Lepidoptera",0,"Hand","East 2",2015,"Heteropoda venatoria","",17.5,"10/28/19","SS","FIELD"
"575","HEV91","Oecophoridae","Lepidoptera",0,"Hand","East 2",2015,"Heteropoda venatoria","",17.5,"10/28/19","SS","FIELD"
"576","HEV91","Pholcidae","Araneae",1,"Hand","East 2",2015,"Heteropoda venatoria","",17.5,"10/28/19","SS","FIELD"
"577","HEV91","Platystomatidae","Diptera",0,"Hand","East 2",2015,"Heteropoda venatoria","",17.5,"10/28/19","SS","FIELD"
"578","HEV91","Salticidae","Araneae",0,"Hand","East 2",2015,"Heteropoda venatoria","",17.5,"10/28/19","SS","FIELD"
"579","HEV91","Tettigoniidae","Orthoptera",0,"Hand","East 2",2015,"Heteropoda venatoria","",17.5,"10/28/19","SS","FIELD"
"580","HEV91","Xiphydriidae","Hymenoptera",0,"Hand","East 2",2015,"Heteropoda venatoria","",17.5,"10/28/19","SS","FIELD"
"581","HEV92","Acrididae","Orthoptera",0,"Hand","East 3",2015,"Heteropoda venatoria","",20.5,"10/28/19","SS","FIELD"
"582","HEV92","Anisolabididae","Dermaptera",2165,"Hand","East 3",2015,"Heteropoda venatoria","",20.5,"10/28/19","SS","FIELD"
"583","HEV92","Blaberidae","Blattodea",285,"Hand","East 3",2015,"Heteropoda venatoria","",20.5,"10/28/19","SS","FIELD"
"584","HEV92","Blattidae","Blattodea",0,"Hand","East 3",2015,"Heteropoda venatoria","",20.5,"10/28/19","SS","FIELD"
"585","HEV92","Bombyliidae","Diptera",0,"Hand","East 3",2015,"Heteropoda venatoria","",20.5,"10/28/19","SS","FIELD"
"586","HEV92","Buthidae","Scorpiones",0,"Hand","East 3",2015,"Heteropoda venatoria","",20.5,"10/28/19","SS","FIELD"
"587","HEV92","Chironomidae","Diptera",0,"Hand","East 3",2015,"Heteropoda venatoria","",20.5,"10/28/19","SS","FIELD"
"588","HEV92","Culicidae","Diptera",0,"Hand","East 3",2015,"Heteropoda venatoria","",20.5,"10/28/19","SS","FIELD"
"589","HEV92","Ectobiidae","Blattodea",0,"Hand","East 3",2015,"Heteropoda venatoria","",20.5,"10/28/19","SS","FIELD"
"590","HEV92","Libellulidae","Odonata",0,"Hand","East 3",2015,"Heteropoda venatoria","",20.5,"10/28/19","SS","FIELD"
"591","HEV92","Limoniidae","Diptera",0,"Hand","East 3",2015,"Heteropoda venatoria","",20.5,"10/28/19","SS","FIELD"
"592","HEV92","Mecistocephalidae","Geophilomorpha",0,"Hand","East 3",2015,"Heteropoda venatoria","",20.5,"10/28/19","SS","FIELD"
"593","HEV92","Mogoplistidae","Orthoptera",0,"Hand","East 3",2015,"Heteropoda venatoria","",20.5,"10/28/19","SS","FIELD"
"594","HEV92","Neptuculidae","Lepidoptera",0,"Hand","East 3",2015,"Heteropoda venatoria","",20.5,"10/28/19","SS","FIELD"
"595","HEV92","Oecophoridae","Lepidoptera",0,"Hand","East 3",2015,"Heteropoda venatoria","",20.5,"10/28/19","SS","FIELD"
"596","HEV92","Pholcidae","Araneae",0,"Hand","East 3",2015,"Heteropoda venatoria","",20.5,"10/28/19","SS","FIELD"
"597","HEV92","Platystomatidae","Diptera",0,"Hand","East 3",2015,"Heteropoda venatoria","",20.5,"10/28/19","SS","FIELD"
"598","HEV92","Salticidae","Araneae",357,"Hand","East 3",2015,"Heteropoda venatoria","",20.5,"10/28/19","SS","FIELD"
"599","HEV92","Tettigoniidae","Orthoptera",0,"Hand","East 3",2015,"Heteropoda venatoria","",20.5,"10/28/19","SS","FIELD"
"600","HEV92","Xiphydriidae","Hymenoptera",0,"Hand","East 3",2015,"Heteropoda venatoria","",20.5,"10/28/19","SS","FIELD"
"601","HEV93","Acrididae","Orthoptera",0,"Hand","East 4",2015,"Heteropoda venatoria","",10.2,"10/28/19","SS","FIELD"
"602","HEV93","Anisolabididae","Dermaptera",3,"Hand","East 4",2015,"Heteropoda venatoria","",10.2,"10/28/19","SS","FIELD"
"603","HEV93","Blaberidae","Blattodea",0,"Hand","East 4",2015,"Heteropoda venatoria","",10.2,"10/28/19","SS","FIELD"
"604","HEV93","Blattidae","Blattodea",0,"Hand","East 4",2015,"Heteropoda venatoria","",10.2,"10/28/19","SS","FIELD"
"605","HEV93","Bombyliidae","Diptera",0,"Hand","East 4",2015,"Heteropoda venatoria","",10.2,"10/28/19","SS","FIELD"
"606","HEV93","Buthidae","Scorpiones",2,"Hand","East 4",2015,"Heteropoda venatoria","",10.2,"10/28/19","SS","FIELD"
"607","HEV93","Chironomidae","Diptera",0,"Hand","East 4",2015,"Heteropoda venatoria","",10.2,"10/28/19","SS","FIELD"
"608","HEV93","Culicidae","Diptera",0,"Hand","East 4",2015,"Heteropoda venatoria","",10.2,"10/28/19","SS","FIELD"
"609","HEV93","Ectobiidae","Blattodea",0,"Hand","East 4",2015,"Heteropoda venatoria","",10.2,"10/28/19","SS","FIELD"
"610","HEV93","Libellulidae","Odonata",0,"Hand","East 4",2015,"Heteropoda venatoria","",10.2,"10/28/19","SS","FIELD"
"611","HEV93","Limoniidae","Diptera",0,"Hand","East 4",2015,"Heteropoda venatoria","",10.2,"10/28/19","SS","FIELD"
"612","HEV93","Mecistocephalidae","Geophilomorpha",25,"Hand","East 4",2015,"Heteropoda venatoria","",10.2,"10/28/19","SS","FIELD"
"613","HEV93","Mogoplistidae","Orthoptera",0,"Hand","East 4",2015,"Heteropoda venatoria","",10.2,"10/28/19","SS","FIELD"
"614","HEV93","Neptuculidae","Lepidoptera",0,"Hand","East 4",2015,"Heteropoda venatoria","",10.2,"10/28/19","SS","FIELD"
"615","HEV93","Oecophoridae","Lepidoptera",0,"Hand","East 4",2015,"Heteropoda venatoria","",10.2,"10/28/19","SS","FIELD"
"616","HEV93","Pholcidae","Araneae",0,"Hand","East 4",2015,"Heteropoda venatoria","",10.2,"10/28/19","SS","FIELD"
"617","HEV93","Platystomatidae","Diptera",0,"Hand","East 4",2015,"Heteropoda venatoria","",10.2,"10/28/19","SS","FIELD"
"618","HEV93","Salticidae","Araneae",0,"Hand","East 4",2015,"Heteropoda venatoria","",10.2,"10/28/19","SS","FIELD"
"619","HEV93","Tettigoniidae","Orthoptera",17,"Hand","East 4",2015,"Heteropoda venatoria","",10.2,"10/28/19","SS","FIELD"
"620","HEV93","Xiphydriidae","Hymenoptera",0,"Hand","East 4",2015,"Heteropoda venatoria","",10.2,"10/28/19","SS","FIELD"
"621","HEV94","Acrididae","Orthoptera",0,"Hand","East 5",2015,"Heteropoda venatoria","",14.5,"10/28/19","SS","FIELD"
"622","HEV94","Anisolabididae","Dermaptera",3,"Hand","East 5",2015,"Heteropoda venatoria","",14.5,"10/28/19","SS","FIELD"
"623","HEV94","Blaberidae","Blattodea",0,"Hand","East 5",2015,"Heteropoda venatoria","",14.5,"10/28/19","SS","FIELD"
"624","HEV94","Blattidae","Blattodea",0,"Hand","East 5",2015,"Heteropoda venatoria","",14.5,"10/28/19","SS","FIELD"
"625","HEV94","Bombyliidae","Diptera",2,"Hand","East 5",2015,"Heteropoda venatoria","",14.5,"10/28/19","SS","FIELD"
"626","HEV94","Buthidae","Scorpiones",1,"Hand","East 5",2015,"Heteropoda venatoria","",14.5,"10/28/19","SS","FIELD"
"627","HEV94","Chironomidae","Diptera",0,"Hand","East 5",2015,"Heteropoda venatoria","",14.5,"10/28/19","SS","FIELD"
"628","HEV94","Culicidae","Diptera",0,"Hand","East 5",2015,"Heteropoda venatoria","",14.5,"10/28/19","SS","FIELD"
"629","HEV94","Ectobiidae","Blattodea",0,"Hand","East 5",2015,"Heteropoda venatoria","",14.5,"10/28/19","SS","FIELD"
"630","HEV94","Libellulidae","Odonata",0,"Hand","East 5",2015,"Heteropoda venatoria","",14.5,"10/28/19","SS","FIELD"
"631","HEV94","Limoniidae","Diptera",0,"Hand","East 5",2015,"Heteropoda venatoria","",14.5,"10/28/19","SS","FIELD"
"632","HEV94","Mecistocephalidae","Geophilomorpha",0,"Hand","East 5",2015,"Heteropoda venatoria","",14.5,"10/28/19","SS","FIELD"
"633","HEV94","Mogoplistidae","Orthoptera",0,"Hand","East 5",2015,"Heteropoda venatoria","",14.5,"10/28/19","SS","FIELD"
"634","HEV94","Neptuculidae","Lepidoptera",0,"Hand","East 5",2015,"Heteropoda venatoria","",14.5,"10/28/19","SS","FIELD"
"635","HEV94","Oecophoridae","Lepidoptera",0,"Hand","East 5",2015,"Heteropoda venatoria","",14.5,"10/28/19","SS","FIELD"
"636","HEV94","Pholcidae","Araneae",0,"Hand","East 5",2015,"Heteropoda venatoria","",14.5,"10/28/19","SS","FIELD"
"637","HEV94","Platystomatidae","Diptera",0,"Hand","East 5",2015,"Heteropoda venatoria","",14.5,"10/28/19","SS","FIELD"
"638","HEV94","Salticidae","Araneae",1,"Hand","East 5",2015,"Heteropoda venatoria","",14.5,"10/28/19","SS","FIELD"
"639","HEV94","Tettigoniidae","Orthoptera",0,"Hand","East 5",2015,"Heteropoda venatoria","",14.5,"10/28/19","SS","FIELD"
"640","HEV94","Xiphydriidae","Hymenoptera",0,"Hand","East 5",2015,"Heteropoda venatoria","",14.5,"10/28/19","SS","FIELD"
"641","HEV95","Acrididae","Orthoptera",0,"Hand","East 6",2015,"Heteropoda venatoria","",13.4,"10/28/19","NS","FIELD"
"642","HEV95","Anisolabididae","Dermaptera",31,"Hand","East 6",2015,"Heteropoda venatoria","",13.4,"10/28/19","NS","FIELD"
"643","HEV95","Blaberidae","Blattodea",0,"Hand","East 6",2015,"Heteropoda venatoria","",13.4,"10/28/19","NS","FIELD"
"644","HEV95","Blattidae","Blattodea",0,"Hand","East 6",2015,"Heteropoda venatoria","",13.4,"10/28/19","NS","FIELD"
"645","HEV95","Bombyliidae","Diptera",5,"Hand","East 6",2015,"Heteropoda venatoria","",13.4,"10/28/19","NS","FIELD"
"646","HEV95","Buthidae","Scorpiones",0,"Hand","East 6",2015,"Heteropoda venatoria","",13.4,"10/28/19","NS","FIELD"
"647","HEV95","Chironomidae","Diptera",5,"Hand","East 6",2015,"Heteropoda venatoria","",13.4,"10/28/19","NS","FIELD"
"648","HEV95","Culicidae","Diptera",0,"Hand","East 6",2015,"Heteropoda venatoria","",13.4,"10/28/19","NS","FIELD"
"649","HEV95","Ectobiidae","Blattodea",0,"Hand","East 6",2015,"Heteropoda venatoria","",13.4,"10/28/19","NS","FIELD"
"650","HEV95","Libellulidae","Odonata",0,"Hand","East 6",2015,"Heteropoda venatoria","",13.4,"10/28/19","NS","FIELD"
"651","HEV95","Limoniidae","Diptera",0,"Hand","East 6",2015,"Heteropoda venatoria","",13.4,"10/28/19","NS","FIELD"
"652","HEV95","Mecistocephalidae","Geophilomorpha",0,"Hand","East 6",2015,"Heteropoda venatoria","",13.4,"10/28/19","NS","FIELD"
"653","HEV95","Mogoplistidae","Orthoptera",0,"Hand","East 6",2015,"Heteropoda venatoria","",13.4,"10/28/19","NS","FIELD"
"654","HEV95","Neptuculidae","Lepidoptera",0,"Hand","East 6",2015,"Heteropoda venatoria","",13.4,"10/28/19","NS","FIELD"
"655","HEV95","Oecophoridae","Lepidoptera",0,"Hand","East 6",2015,"Heteropoda venatoria","",13.4,"10/28/19","NS","FIELD"
"656","HEV95","Pholcidae","Araneae",0,"Hand","East 6",2015,"Heteropoda venatoria","",13.4,"10/28/19","NS","FIELD"
"657","HEV95","Platystomatidae","Diptera",0,"Hand","East 6",2015,"Heteropoda venatoria","",13.4,"10/28/19","NS","FIELD"
"658","HEV95","Salticidae","Araneae",0,"Hand","East 6",2015,"Heteropoda venatoria","",13.4,"10/28/19","NS","FIELD"
"659","HEV95","Tettigoniidae","Orthoptera",0,"Hand","East 6",2015,"Heteropoda venatoria","",13.4,"10/28/19","NS","FIELD"
"660","HEV95","Xiphydriidae","Hymenoptera",0,"Hand","East 6",2015,"Heteropoda venatoria","",13.4,"10/28/19","NS","FIELD"
"661","HEV96","Acrididae","Orthoptera",0,"Hand","East 7",2015,"Heteropoda venatoria","",15.9,"10/28/19","NS","FIELD"
"662","HEV96","Anisolabididae","Dermaptera",79,"Hand","East 7",2015,"Heteropoda venatoria","",15.9,"10/28/19","NS","FIELD"
"663","HEV96","Blaberidae","Blattodea",0,"Hand","East 7",2015,"Heteropoda venatoria","",15.9,"10/28/19","NS","FIELD"
"664","HEV96","Blattidae","Blattodea",0,"Hand","East 7",2015,"Heteropoda venatoria","",15.9,"10/28/19","NS","FIELD"
"665","HEV96","Bombyliidae","Diptera",0,"Hand","East 7",2015,"Heteropoda venatoria","",15.9,"10/28/19","NS","FIELD"
"666","HEV96","Buthidae","Scorpiones",1,"Hand","East 7",2015,"Heteropoda venatoria","",15.9,"10/28/19","NS","FIELD"
"667","HEV96","Chironomidae","Diptera",0,"Hand","East 7",2015,"Heteropoda venatoria","",15.9,"10/28/19","NS","FIELD"
"668","HEV96","Culicidae","Diptera",0,"Hand","East 7",2015,"Heteropoda venatoria","",15.9,"10/28/19","NS","FIELD"
"669","HEV96","Ectobiidae","Blattodea",0,"Hand","East 7",2015,"Heteropoda venatoria","",15.9,"10/28/19","NS","FIELD"
"670","HEV96","Libellulidae","Odonata",0,"Hand","East 7",2015,"Heteropoda venatoria","",15.9,"10/28/19","NS","FIELD"
"671","HEV96","Limoniidae","Diptera",0,"Hand","East 7",2015,"Heteropoda venatoria","",15.9,"10/28/19","NS","FIELD"
"672","HEV96","Mecistocephalidae","Geophilomorpha",25,"Hand","East 7",2015,"Heteropoda venatoria","",15.9,"10/28/19","NS","FIELD"
"673","HEV96","Mogoplistidae","Orthoptera",0,"Hand","East 7",2015,"Heteropoda venatoria","",15.9,"10/28/19","NS","FIELD"
"674","HEV96","Neptuculidae","Lepidoptera",38,"Hand","East 7",2015,"Heteropoda venatoria","",15.9,"10/28/19","NS","FIELD"
"675","HEV96","Oecophoridae","Lepidoptera",0,"Hand","East 7",2015,"Heteropoda venatoria","",15.9,"10/28/19","NS","FIELD"
"676","HEV96","Pholcidae","Araneae",0,"Hand","East 7",2015,"Heteropoda venatoria","",15.9,"10/28/19","NS","FIELD"
"677","HEV96","Platystomatidae","Diptera",54,"Hand","East 7",2015,"Heteropoda venatoria","",15.9,"10/28/19","NS","FIELD"
"678","HEV96","Salticidae","Araneae",0,"Hand","East 7",2015,"Heteropoda venatoria","",15.9,"10/28/19","NS","FIELD"
"679","HEV96","Tettigoniidae","Orthoptera",0,"Hand","East 7",2015,"Heteropoda venatoria","",15.9,"10/28/19","NS","FIELD"
"680","HEV96","Xiphydriidae","Hymenoptera",0,"Hand","East 7",2015,"Heteropoda venatoria","",15.9,"10/28/19","NS","FIELD"
"681","HEV97","Acrididae","Orthoptera",0,"Hand","East 8",2015,"Heteropoda venatoria","",14.5,"10/28/19","NS","FIELD"
"682","HEV97","Anisolabididae","Dermaptera",1,"Hand","East 8",2015,"Heteropoda venatoria","",14.5,"10/28/19","NS","FIELD"
"683","HEV97","Blaberidae","Blattodea",0,"Hand","East 8",2015,"Heteropoda venatoria","",14.5,"10/28/19","NS","FIELD"
"684","HEV97","Blattidae","Blattodea",0,"Hand","East 8",2015,"Heteropoda venatoria","",14.5,"10/28/19","NS","FIELD"
"685","HEV97","Bombyliidae","Diptera",0,"Hand","East 8",2015,"Heteropoda venatoria","",14.5,"10/28/19","NS","FIELD"
"686","HEV97","Buthidae","Scorpiones",0,"Hand","East 8",2015,"Heteropoda venatoria","",14.5,"10/28/19","NS","FIELD"
"687","HEV97","Chironomidae","Diptera",0,"Hand","East 8",2015,"Heteropoda venatoria","",14.5,"10/28/19","NS","FIELD"
"688","HEV97","Culicidae","Diptera",0,"Hand","East 8",2015,"Heteropoda venatoria","",14.5,"10/28/19","NS","FIELD"
"689","HEV97","Ectobiidae","Blattodea",0,"Hand","East 8",2015,"Heteropoda venatoria","",14.5,"10/28/19","NS","FIELD"
"690","HEV97","Libellulidae","Odonata",0,"Hand","East 8",2015,"Heteropoda venatoria","",14.5,"10/28/19","NS","FIELD"
"691","HEV97","Limoniidae","Diptera",0,"Hand","East 8",2015,"Heteropoda venatoria","",14.5,"10/28/19","NS","FIELD"
"692","HEV97","Mecistocephalidae","Geophilomorpha",0,"Hand","East 8",2015,"Heteropoda venatoria","",14.5,"10/28/19","NS","FIELD"
"693","HEV97","Mogoplistidae","Orthoptera",0,"Hand","East 8",2015,"Heteropoda venatoria","",14.5,"10/28/19","NS","FIELD"
"694","HEV97","Neptuculidae","Lepidoptera",0,"Hand","East 8",2015,"Heteropoda venatoria","",14.5,"10/28/19","NS","FIELD"
"695","HEV97","Oecophoridae","Lepidoptera",0,"Hand","East 8",2015,"Heteropoda venatoria","",14.5,"10/28/19","NS","FIELD"
"696","HEV97","Pholcidae","Araneae",0,"Hand","East 8",2015,"Heteropoda venatoria","",14.5,"10/28/19","NS","FIELD"
"697","HEV97","Platystomatidae","Diptera",0,"Hand","East 8",2015,"Heteropoda venatoria","",14.5,"10/28/19","NS","FIELD"
"698","HEV97","Salticidae","Araneae",0,"Hand","East 8",2015,"Heteropoda venatoria","",14.5,"10/28/19","NS","FIELD"
"699","HEV97","Tettigoniidae","Orthoptera",0,"Hand","East 8",2015,"Heteropoda venatoria","",14.5,"10/28/19","NS","FIELD"
"700","HEV97","Xiphydriidae","Hymenoptera",0,"Hand","East 8",2015,"Heteropoda venatoria","",14.5,"10/28/19","NS","FIELD"
"701","HEV98","Acrididae","Orthoptera",0,"Hand","East 9",2015,"Heteropoda venatoria","",22.2,"10/28/19","NS","FIELD"
"702","HEV98","Anisolabididae","Dermaptera",0,"Hand","East 9",2015,"Heteropoda venatoria","",22.2,"10/28/19","NS","FIELD"
"703","HEV98","Blaberidae","Blattodea",0,"Hand","East 9",2015,"Heteropoda venatoria","",22.2,"10/28/19","NS","FIELD"
"704","HEV98","Blattidae","Blattodea",112,"Hand","East 9",2015,"Heteropoda venatoria","",22.2,"10/28/19","NS","FIELD"
"705","HEV98","Bombyliidae","Diptera",0,"Hand","East 9",2015,"Heteropoda venatoria","",22.2,"10/28/19","NS","FIELD"
"706","HEV98","Buthidae","Scorpiones",0,"Hand","East 9",2015,"Heteropoda venatoria","",22.2,"10/28/19","NS","FIELD"
"707","HEV98","Chironomidae","Diptera",0,"Hand","East 9",2015,"Heteropoda venatoria","",22.2,"10/28/19","NS","FIELD"
"708","HEV98","Culicidae","Diptera",0,"Hand","East 9",2015,"Heteropoda venatoria","",22.2,"10/28/19","NS","FIELD"
"709","HEV98","Ectobiidae","Blattodea",0,"Hand","East 9",2015,"Heteropoda venatoria","",22.2,"10/28/19","NS","FIELD"
"710","HEV98","Libellulidae","Odonata",0,"Hand","East 9",2015,"Heteropoda venatoria","",22.2,"10/28/19","NS","FIELD"
"711","HEV98","Limoniidae","Diptera",0,"Hand","East 9",2015,"Heteropoda venatoria","",22.2,"10/28/19","NS","FIELD"
"712","HEV98","Mecistocephalidae","Geophilomorpha",0,"Hand","East 9",2015,"Heteropoda venatoria","",22.2,"10/28/19","NS","FIELD"
"713","HEV98","Mogoplistidae","Orthoptera",0,"Hand","East 9",2015,"Heteropoda venatoria","",22.2,"10/28/19","NS","FIELD"
"714","HEV98","Neptuculidae","Lepidoptera",44,"Hand","East 9",2015,"Heteropoda venatoria","",22.2,"10/28/19","NS","FIELD"
"715","HEV98","Oecophoridae","Lepidoptera",0,"Hand","East 9",2015,"Heteropoda venatoria","",22.2,"10/28/19","NS","FIELD"
"716","HEV98","Pholcidae","Araneae",0,"Hand","East 9",2015,"Heteropoda venatoria","",22.2,"10/28/19","NS","FIELD"
"717","HEV98","Platystomatidae","Diptera",1,"Hand","East 9",2015,"Heteropoda venatoria","",22.2,"10/28/19","NS","FIELD"
"718","HEV98","Salticidae","Araneae",0,"Hand","East 9",2015,"Heteropoda venatoria","",22.2,"10/28/19","NS","FIELD"
"719","HEV98","Tettigoniidae","Orthoptera",12,"Hand","East 9",2015,"Heteropoda venatoria","",22.2,"10/28/19","NS","FIELD"
"720","HEV98","Xiphydriidae","Hymenoptera",7,"Hand","East 9",2015,"Heteropoda venatoria","",22.2,"10/28/19","NS","FIELD"
"721","HEV99","Acrididae","Orthoptera",0,"Hand","East 10",2015,"Heteropoda venatoria","",20.1,"10/28/19","NS","FIELD"
"722","HEV99","Anisolabididae","Dermaptera",0,"Hand","East 10",2015,"Heteropoda venatoria","",20.1,"10/28/19","NS","FIELD"
"723","HEV99","Blaberidae","Blattodea",0,"Hand","East 10",2015,"Heteropoda venatoria","",20.1,"10/28/19","NS","FIELD"
"724","HEV99","Blattidae","Blattodea",0,"Hand","East 10",2015,"Heteropoda venatoria","",20.1,"10/28/19","NS","FIELD"
"725","HEV99","Bombyliidae","Diptera",0,"Hand","East 10",2015,"Heteropoda venatoria","",20.1,"10/28/19","NS","FIELD"
"726","HEV99","Buthidae","Scorpiones",0,"Hand","East 10",2015,"Heteropoda venatoria","",20.1,"10/28/19","NS","FIELD"
"727","HEV99","Chironomidae","Diptera",0,"Hand","East 10",2015,"Heteropoda venatoria","",20.1,"10/28/19","NS","FIELD"
"728","HEV99","Culicidae","Diptera",0,"Hand","East 10",2015,"Heteropoda venatoria","",20.1,"10/28/19","NS","FIELD"
"729","HEV99","Ectobiidae","Blattodea",0,"Hand","East 10",2015,"Heteropoda venatoria","",20.1,"10/28/19","NS","FIELD"
"730","HEV99","Libellulidae","Odonata",0,"Hand","East 10",2015,"Heteropoda venatoria","",20.1,"10/28/19","NS","FIELD"
"731","HEV99","Limoniidae","Diptera",0,"Hand","East 10",2015,"Heteropoda venatoria","",20.1,"10/28/19","NS","FIELD"
"732","HEV99","Mecistocephalidae","Geophilomorpha",0,"Hand","East 10",2015,"Heteropoda venatoria","",20.1,"10/28/19","NS","FIELD"
"733","HEV99","Mogoplistidae","Orthoptera",0,"Hand","East 10",2015,"Heteropoda venatoria","",20.1,"10/28/19","NS","FIELD"
"734","HEV99","Neptuculidae","Lepidoptera",0,"Hand","East 10",2015,"Heteropoda venatoria","",20.1,"10/28/19","NS","FIELD"
"735","HEV99","Oecophoridae","Lepidoptera",0,"Hand","East 10",2015,"Heteropoda venatoria","",20.1,"10/28/19","NS","FIELD"
"736","HEV99","Pholcidae","Araneae",0,"Hand","East 10",2015,"Heteropoda venatoria","",20.1,"10/28/19","NS","FIELD"
"737","HEV99","Platystomatidae","Diptera",1,"Hand","East 10",2015,"Heteropoda venatoria","",20.1,"10/28/19","NS","FIELD"
"738","HEV99","Salticidae","Araneae",0,"Hand","East 10",2015,"Heteropoda venatoria","",20.1,"10/28/19","NS","FIELD"
"739","HEV99","Tettigoniidae","Orthoptera",0,"Hand","East 10",2015,"Heteropoda venatoria","",20.1,"10/28/19","NS","FIELD"
"740","HEV99","Xiphydriidae","Hymenoptera",0,"Hand","East 10",2015,"Heteropoda venatoria","",20.1,"10/28/19","NS","FIELD"
